frame,entity,pos0,pos1,pos2,pos3,pos4,pos5,ik_tx,ik_ty,home_h,stored0,stored1,stored2,stored3,stored4,stored5,recomp0,recomp1,recomp2,recomp3,recomp4,recomp5,l2meas0,l2meas1,l2meas2,l2meas3,l2meas4,l2meas5,l2exp0,l2exp1,l2exp2,l2exp3,l2exp4,l2exp5
0,0,0.0000,0.0000,0.0000,0.000000,0.000000,0.000000,0.0000,0.0000,648.13,0.000001,0.000001,0.000001,0.000001,0.000001,0.000001,0.000001,0.000001,0.000001,0.000001,0.000001,0.000001,723.9000,723.9000,723.9000,723.9000,723.9000,723.9000,723.9000,723.9000,723.9000,723.9000,723.9000,723.9000
30,0,0.0000,0.0000,0.0000,0.000000,0.000000,0.000000,0.0000,0.0000,648.13,0.000001,0.000001,0.000001,0.000001,0.000001,0.000001,0.000001,0.000001,0.000001,0.000001,0.000001,0.000001,723.9000,723.9000,723.9000,723.9000,723.9000,723.9000,723.9000,723.9000,723.9000,723.9000,723.9000,723.9000
60,0,0.0000,0.0000,0.0000,0.000000,0.000000,0.000000,0.0000,0.0000,648.13,0.000001,0.000001,0.000001,0.000001,0.000001,0.000001,0.000001,0.000001,0.000001,0.000001,0.000001,0.000001,723.9000,723.9000,723.9000,723.9000,723.9000,723.9000,723.9000,723.9000,723.9000,723.9000,723.9000,723.9000
90,0,0.0000,0.0000,0.0000,0.000000,0.000000,0.000000,0.0000,0.0000,648.13,0.000001,0.000001,0.000001,0.000001,0.000001,0.000001,0.000001,0.000001,0.000001,0.000001,0.000001,0.000001,723.9000,723.9000,723.9000,723.9000,723.9000,723.9000,723.9000,723.9000,723.9000,723.9000,723.9000,723.9000
120,0,0.0000,0.0000,0.0000,0.000000,0.000000,0.000000,0.0000,0.0000,648.13,0.000001,0.000001,0.000001,0.000001,0.000001,0.000001,0.000001,0.000001,0.000001,0.000001,0.000001,0.000001,723.9000,723.9000,723.9000,723.9000,723.9000,723.9000,723.9000,723.9000,723.9000,723.9000,723.9000,723.9000
150,0,0.0000,0.0000,0.0000,0.000000,0.000000,0.000000,0.0000,0.0000,648.13,0.000001,0.000001,0.000001,0.000001,0.000001,0.000001,0.000001,0.000001,0.000001,0.000001,0.000001,0.000001,723.9000,723.9000,723.9000,723.9000,723.9000,723.9000,723.9000,723.9000,723.9000,723.9000,723.9000,723.9000
180,0,0.0000,0.0000,0.0000,0.000000,0.000000,0.000000,0.0000,0.0000,648.13,0.000001,0.000001,0.000001,0.000001,0.000001,0.000001,0.000001,0.000001,0.000001,0.000001,0.000001,0.000001,723.9000,723.9000,723.9000,723.9000,723.9000,723.9000,723.9000,723.9000,723.9000,723.9000,723.9000,723.9000
210,0,0.0000,0.0000,0.0000,0.000000,0.000000,0.000000,0.0000,0.0000,648.13,0.000001,0.000001,0.000001,0.000001,0.000001,0.000001,0.000001,0.000001,0.000001,0.000001,0.000001,0.000001,723.9000,723.9000,723.9000,723.9000,723.9000,723.9000,723.9000,723.9000,723.9000,723.9000,723.9000,723.9000
240,0,0.0000,0.0000,0.0000,0.000000,0.000000,0.000000,0.0000,0.0000,648.13,0.000001,0.000001,0.000001,0.000001,0.000001,0.000001,0.000001,0.000001,0.000001,0.000001,0.000001,0.000001,723.9000,723.9000,723.9000,723.9000,723.9000,723.9000,723.9000,723.9000,723.9000,723.9000,723.9000,723.9000
270,0,0.0000,0.0000,0.0000,0.000000,0.000000,0.000000,0.0000,0.0000,648.13,0.000001,0.000001,0.000001,0.000001,0.000001,0.000001,0.000001,0.000001,0.000001,0.000001,0.000001,0.000001,723.9000,723.9000,723.9000,723.9000,723.9000,723.9000,723.9000,723.9000,723.9000,723.9000,723.9000,723.9000
300,0,0.0000,0.0000,0.0000,0.000000,0.000000,0.000000,0.0000,0.0000,648.13,0.000001,0.000001,0.000001,0.000001,0.000001,0.000001,0.000001,0.000001,0.000001,0.000001,0.000001,0.000001,723.9000,723.9000,723.9000,723.9000,723.9000,723.9000,723.9000,723.9000,723.9000,723.9000,723.9000,723.9000
330,0,0.0000,0.0000,0.0000,0.000000,0.000000,0.000000,0.0000,0.0000,648.13,0.000001,0.000001,0.000001,0.000001,0.000001,0.000001,0.000001,0.000001,0.000001,0.000001,0.000001,0.000001,723.9000,723.9000,723.9000,723.9000,723.9000,723.9000,723.9000,723.9000,723.9000,723.9000,723.9000,723.9000
360,0,0.0000,0.0000,0.0000,0.000000,0.000000,0.000000,0.0000,0.0000,648.13,0.000001,0.000001,0.000001,0.000001,0.000001,0.000001,0.000001,0.000001,0.000001,0.000001,0.000001,0.000001,723.9000,723.9000,723.9000,723.9000,723.9000,723.9000,723.9000,723.9000,723.9000,723.9000,723.9000,723.9000
390,0,0.0000,0.0000,0.0000,0.000000,0.000000,0.000000,0.0000,0.0000,648.13,0.000001,0.000001,0.000001,0.000001,0.000001,0.000001,0.000001,0.000001,0.000001,0.000001,0.000001,0.000001,723.9000,723.9000,723.9000,723.9000,723.9000,723.9000,723.9000,723.9000,723.9000,723.9000,723.9000,723.9000
420,0,0.0000,0.0000,0.0000,0.000000,0.000000,0.000000,0.0000,0.0000,648.13,0.000001,0.000001,0.000001,0.000001,0.000001,0.000001,0.000001,0.000001,0.000001,0.000001,0.000001,0.000001,723.9000,723.9000,723.9000,723.9000,723.9000,723.9000,723.9000,723.9000,723.9000,723.9000,723.9000,723.9000
450,0,0.0000,0.0000,0.0000,0.000000,0.000000,0.000000,0.0000,0.0000,648.13,0.000001,0.000001,0.000001,0.000001,0.000001,0.000001,0.000001,0.000001,0.000001,0.000001,0.000001,0.000001,723.9000,723.9000,723.9000,723.9000,723.9000,723.9000,723.9000,723.9000,723.9000,723.9000,723.9000,723.9000
480,0,0.0000,0.0000,0.0000,0.000000,0.000000,0.000000,0.0000,0.0000,648.13,0.000001,0.000001,0.000001,0.000001,0.000001,0.000001,0.000001,0.000001,0.000001,0.000001,0.000001,0.000001,723.9000,723.9000,723.9000,723.9000,723.9000,723.9000,723.9000,723.9000,723.9000,723.9000,723.9000,723.9000
510,0,0.0000,0.0000,0.0000,0.000000,0.000000,0.000000,0.0000,0.0000,648.13,0.000001,0.000001,0.000001,0.000001,0.000001,0.000001,0.000001,0.000001,0.000001,0.000001,0.000001,0.000001,723.9000,723.9000,723.9000,723.9000,723.9000,723.9000,723.9000,723.9000,723.9000,723.9000,723.9000,723.9000
540,0,0.0000,0.0000,0.0000,0.000000,0.000000,0.000000,0.0000,0.0000,648.13,0.000001,0.000001,0.000001,0.000001,0.000001,0.000001,0.000001,0.000001,0.000001,0.000001,0.000001,0.000001,723.9000,723.9000,723.9000,723.9000,723.9000,723.9000,723.9000,723.9000,723.9000,723.9000,723.9000,723.9000
570,0,0.0000,0.0000,0.0000,0.000000,0.000000,0.000000,0.0000,0.0000,648.13,0.000001,0.000001,0.000001,0.000001,0.000001,0.000001,0.000001,0.000001,0.000001,0.000001,0.000001,0.000001,723.9000,723.9000,723.9000,723.9000,723.9000,723.9000,723.9000,723.9000,723.9000,723.9000,723.9000,723.9000
600,0,0.0000,0.0000,0.0000,0.000000,0.000000,0.000000,0.0000,0.0000,648.13,0.000001,0.000001,0.000001,0.000001,0.000001,0.000001,0.000001,0.000001,0.000001,0.000001,0.000001,0.000001,723.9000,723.9000,723.9000,723.9000,723.9000,723.9000,723.9000,723.9000,723.9000,723.9000,723.9000,723.9000
630,0,0.0000,0.0000,0.0000,0.000000,0.000000,0.000000,0.0000,0.0000,648.13,0.000001,0.000001,0.000001,0.000001,0.000001,0.000001,0.000001,0.000001,0.000001,0.000001,0.000001,0.000001,723.9000,723.9000,723.9000,723.9000,723.9000,723.9000,723.9000,723.9000,723.9000,723.9000,723.9000,723.9000
660,0,0.0000,0.0000,0.0000,0.000000,0.000000,0.000000,0.0000,0.0000,648.13,0.000001,0.000001,0.000001,0.000001,0.000001,0.000001,0.000001,0.000001,0.000001,0.000001,0.000001,0.000001,723.9000,723.9000,723.9000,723.9000,723.9000,723.9000,723.9000,723.9000,723.9000,723.9000,723.9000,723.9000
690,0,0.0000,0.0000,0.0000,0.000000,0.000000,0.000000,0.0000,0.0000,648.13,0.000001,0.000001,0.000001,0.000001,0.000001,0.000001,0.000001,0.000001,0.000001,0.000001,0.000001,0.000001,723.9000,723.9000,723.9000,723.9000,723.9000,723.9000,723.9000,723.9000,723.9000,723.9000,723.9000,723.9000
720,0,0.0000,0.0000,0.0000,0.000000,0.000000,0.000000,0.0000,0.0000,648.13,0.000001,0.000001,0.000001,0.000001,0.000001,0.000001,0.000001,0.000001,0.000001,0.000001,0.000001,0.000001,723.9000,723.9000,723.9000,723.9000,723.9000,723.9000,723.9000,723.9000,723.9000,723.9000,723.9000,723.9000
750,0,0.0000,0.0000,0.0000,0.000000,0.000000,0.000000,0.0000,0.0000,648.13,0.000001,0.000001,0.000001,0.000001,0.000001,0.000001,0.000001,0.000001,0.000001,0.000001,0.000001,0.000001,723.9000,723.9000,723.9000,723.9000,723.9000,723.9000,723.9000,723.9000,723.9000,723.9000,723.9000,723.9000
780,0,0.0000,0.0000,0.0000,0.000000,0.000000,0.000000,0.0000,0.0000,648.13,0.000001,0.000001,0.000001,0.000001,0.000001,0.000001,0.000001,0.000001,0.000001,0.000001,0.000001,0.000001,723.9000,723.9000,723.9000,723.9000,723.9000,723.9000,723.9000,723.9000,723.9000,723.9000,723.9000,723.9000
810,0,0.0000,0.0000,0.0000,0.000000,0.000000,0.000000,0.0000,0.0000,648.13,0.000001,0.000001,0.000001,0.000001,0.000001,0.000001,0.000001,0.000001,0.000001,0.000001,0.000001,0.000001,723.9000,723.9000,723.9000,723.9000,723.9000,723.9000,723.9000,723.9000,723.9000,723.9000,723.9000,723.9000
840,0,0.0000,0.0000,0.0000,0.000000,0.000000,0.000000,0.0000,0.0000,648.13,0.000001,0.000001,0.000001,0.000001,0.000001,0.000001,0.000001,0.000001,0.000001,0.000001,0.000001,0.000001,723.9000,723.9000,723.9000,723.9000,723.9000,723.9000,723.9000,723.9000,723.9000,723.9000,723.9000,723.9000
870,0,0.0000,0.0000,0.0000,0.000000,0.000000,0.000000,0.0000,0.0000,648.13,0.000001,0.000001,0.000001,0.000001,0.000001,0.000001,0.000001,0.000001,0.000001,0.000001,0.000001,0.000001,723.9000,723.9000,723.9000,723.9000,723.9000,723.9000,723.9000,723.9000,723.9000,723.9000,723.9000,723.9000
900,0,0.0000,0.0000,0.0000,0.000000,0.000000,0.000000,0.0000,0.0000,648.13,0.000001,0.000001,0.000001,0.000001,0.000001,0.000001,0.000001,0.000001,0.000001,0.000001,0.000001,0.000001,723.9000,723.9000,723.9000,723.9000,723.9000,723.9000,723.9000,723.9000,723.9000,723.9000,723.9000,723.9000
930,0,0.0000,0.0000,0.0000,0.000000,0.000000,0.000000,0.0000,0.0000,648.13,0.000001,0.000001,0.000001,0.000001,0.000001,0.000001,0.000001,0.000001,0.000001,0.000001,0.000001,0.000001,723.9000,723.9000,723.9000,723.9000,723.9000,723.9000,723.9000,723.9000,723.9000,723.9000,723.9000,723.9000
960,0,0.0000,0.0000,0.0000,0.000000,0.000000,0.000000,0.0000,0.0000,648.13,0.000001,0.000001,0.000001,0.000001,0.000001,0.000001,0.000001,0.000001,0.000001,0.000001,0.000001,0.000001,723.9000,723.9000,723.9000,723.9000,723.9000,723.9000,723.9000,723.9000,723.9000,723.9000,723.9000,723.9000
990,0,0.0000,0.0000,0.0000,0.000000,0.000000,0.000000,0.0000,0.0000,648.13,0.000001,0.000001,0.000001,0.000001,0.000001,0.000001,0.000001,0.000001,0.000001,0.000001,0.000001,0.000001,723.9000,723.9000,723.9000,723.9000,723.9000,723.9000,723.9000,723.9000,723.9000,723.9000,723.9000,723.9000
1020,0,0.0000,0.0000,0.0000,0.000000,0.000000,0.000000,0.0000,0.0000,648.13,0.000001,0.000001,0.000001,0.000001,0.000001,0.000001,0.000001,0.000001,0.000001,0.000001,0.000001,0.000001,723.9000,723.9000,723.9000,723.9000,723.9000,723.9000,723.9000,723.9000,723.9000,723.9000,723.9000,723.9000
1050,0,0.0000,0.0000,0.0000,0.000000,0.000000,0.000000,0.0000,0.0000,648.13,0.000001,0.000001,0.000001,0.000001,0.000001,0.000001,0.000001,0.000001,0.000001,0.000001,0.000001,0.000001,723.9000,723.9000,723.9000,723.9000,723.9000,723.9000,723.9000,723.9000,723.9000,723.9000,723.9000,723.9000
1080,0,0.0000,0.0000,0.0000,0.000000,0.000000,0.000000,0.0000,0.0000,648.13,0.000001,0.000001,0.000001,0.000001,0.000001,0.000001,0.000001,0.000001,0.000001,0.000001,0.000001,0.000001,723.9000,723.9000,723.9000,723.9000,723.9000,723.9000,723.9000,723.9000,723.9000,723.9000,723.9000,723.9000
1110,0,0.0000,0.0000,0.0000,0.000000,0.000000,0.000000,0.0000,0.0000,648.13,0.000001,0.000001,0.000001,0.000001,0.000001,0.000001,0.000001,0.000001,0.000001,0.000001,0.000001,0.000001,723.9000,723.9000,723.9000,723.9000,723.9000,723.9000,723.9000,723.9000,723.9000,723.9000,723.9000,723.9000
1140,0,0.0000,0.0000,0.0000,0.000000,0.000000,0.000000,0.0000,0.0000,648.13,0.000001,0.000001,0.000001,0.000001,0.000001,0.000001,0.000001,0.000001,0.000001,0.000001,0.000001,0.000001,723.9000,723.9000,723.9000,723.9000,723.9000,723.9000,723.9000,723.9000,723.9000,723.9000,723.9000,723.9000
1170,0,0.0000,0.0000,0.0000,0.000000,0.000000,0.000000,0.0000,0.0000,648.13,0.000001,0.000001,0.000001,0.000001,0.000001,0.000001,0.000001,0.000001,0.000001,0.000001,0.000001,0.000001,723.9000,723.9000,723.9000,723.9000,723.9000,723.9000,723.9000,723.9000,723.9000,723.9000,723.9000,723.9000
1200,0,0.0000,0.0000,0.0000,0.000000,0.000000,0.000000,0.0000,0.0000,648.13,0.000001,0.000001,0.000001,0.000001,0.000001,0.000001,0.000001,0.000001,0.000001,0.000001,0.000001,0.000001,723.9000,723.9000,723.9000,723.9000,723.9000,723.9000,723.9000,723.9000,723.9000,723.9000,723.9000,723.9000
1230,0,0.0000,0.0000,0.0000,0.000000,0.000000,0.000000,0.0000,0.0000,648.13,0.000001,0.000001,0.000001,0.000001,0.000001,0.000001,0.000001,0.000001,0.000001,0.000001,0.000001,0.000001,723.9000,723.9000,723.9000,723.9000,723.9000,723.9000,723.9000,723.9000,723.9000,723.9000,723.9000,723.9000
1260,0,0.0000,0.0000,0.0000,0.000000,0.000000,0.000000,0.0000,0.0000,648.13,0.000001,0.000001,0.000001,0.000001,0.000001,0.000001,0.000001,0.000001,0.000001,0.000001,0.000001,0.000001,723.9000,723.9000,723.9000,723.9000,723.9000,723.9000,723.9000,723.9000,723.9000,723.9000,723.9000,723.9000
1290,0,0.0000,0.0000,0.0000,0.000000,0.000000,0.000000,0.0000,0.0000,648.13,0.000001,0.000001,0.000001,0.000001,0.000001,0.000001,0.000001,0.000001,0.000001,0.000001,0.000001,0.000001,723.9000,723.9000,723.9000,723.9000,723.9000,723.9000,723.9000,723.9000,723.9000,723.9000,723.9000,723.9000
1320,0,0.0000,0.0000,0.0000,0.000000,0.000000,0.000000,0.0000,0.0000,648.13,0.000001,0.000001,0.000001,0.000001,0.000001,0.000001,0.000001,0.000001,0.000001,0.000001,0.000001,0.000001,723.9000,723.9000,723.9000,723.9000,723.9000,723.9000,723.9000,723.9000,723.9000,723.9000,723.9000,723.9000
1350,0,0.0000,0.0000,0.0000,0.000000,0.000000,0.000000,0.0000,0.0000,648.13,0.000001,0.000001,0.000001,0.000001,0.000001,0.000001,0.000001,0.000001,0.000001,0.000001,0.000001,0.000001,723.9000,723.9000,723.9000,723.9000,723.9000,723.9000,723.9000,723.9000,723.9000,723.9000,723.9000,723.9000
1380,0,0.0000,0.0000,0.0000,0.000000,0.000000,0.000000,0.0000,0.0000,648.13,0.000001,0.000001,0.000001,0.000001,0.000001,0.000001,0.000001,0.000001,0.000001,0.000001,0.000001,0.000001,723.9000,723.9000,723.9000,723.9000,723.9000,723.9000,723.9000,723.9000,723.9000,723.9000,723.9000,723.9000
1410,0,0.0000,0.0000,0.0000,0.000000,0.000000,0.000000,0.0000,0.0000,648.13,0.000001,0.000001,0.000001,0.000001,0.000001,0.000001,0.000001,0.000001,0.000001,0.000001,0.000001,0.000001,723.9000,723.9000,723.9000,723.9000,723.9000,723.9000,723.9000,723.9000,723.9000,723.9000,723.9000,723.9000
1440,0,0.0000,0.0000,0.0000,0.000000,0.000000,0.000000,0.0000,0.0000,648.13,0.000001,0.000001,0.000001,0.000001,0.000001,0.000001,0.000001,0.000001,0.000001,0.000001,0.000001,0.000001,723.9000,723.9000,723.9000,723.9000,723.9000,723.9000,723.9000,723.9000,723.9000,723.9000,723.9000,723.9000
1470,0,0.0000,0.0000,0.0000,0.000000,0.000000,0.000000,0.0000,0.0000,648.13,0.000001,0.000001,0.000001,0.000001,0.000001,0.000001,0.000001,0.000001,0.000001,0.000001,0.000001,0.000001,723.9000,723.9000,723.9000,723.9000,723.9000,723.9000,723.9000,723.9000,723.9000,723.9000,723.9000,723.9000
1500,0,0.0000,0.0000,0.0000,0.000000,0.000000,0.000000,0.0000,0.0000,648.13,0.000001,0.000001,0.000001,0.000001,0.000001,0.000001,0.000001,0.000001,0.000001,0.000001,0.000001,0.000001,723.9000,723.9000,723.9000,723.9000,723.9000,723.9000,723.9000,723.9000,723.9000,723.9000,723.9000,723.9000
1530,0,0.0000,0.0000,0.0000,0.000000,0.000000,0.000000,0.0000,0.0000,648.13,0.000001,0.000001,0.000001,0.000001,0.000001,0.000001,0.000001,0.000001,0.000001,0.000001,0.000001,0.000001,723.9000,723.9000,723.9000,723.9000,723.9000,723.9000,723.9000,723.9000,723.9000,723.9000,723.9000,723.9000
1560,0,0.0000,0.0000,0.0000,0.000000,0.000000,0.000000,0.0000,0.0000,648.13,0.000001,0.000001,0.000001,0.000001,0.000001,0.000001,0.000001,0.000001,0.000001,0.000001,0.000001,0.000001,723.9000,723.9000,723.9000,723.9000,723.9000,723.9000,723.9000,723.9000,723.9000,723.9000,723.9000,723.9000
1590,0,0.0000,0.0000,0.0000,0.000000,0.000000,0.000000,0.0000,0.0000,648.13,0.000001,0.000001,0.000001,0.000001,0.000001,0.000001,0.000001,0.000001,0.000001,0.000001,0.000001,0.000001,723.9000,723.9000,723.9000,723.9000,723.9000,723.9000,723.9000,723.9000,723.9000,723.9000,723.9000,723.9000
1620,0,0.0000,0.0000,0.0000,0.000000,0.000000,0.000000,0.0000,0.0000,648.13,0.000001,0.000001,0.000001,0.000001,0.000001,0.000001,0.000001,0.000001,0.000001,0.000001,0.000001,0.000001,723.9000,723.9000,723.9000,723.9000,723.9000,723.9000,723.9000,723.9000,723.9000,723.9000,723.9000,723.9000
1650,0,0.0000,0.0000,0.0000,0.000000,0.000000,0.000000,0.0000,0.0000,648.13,0.000001,0.000001,0.000001,0.000001,0.000001,0.000001,0.000001,0.000001,0.000001,0.000001,0.000001,0.000001,723.9000,723.9000,723.9000,723.9000,723.9000,723.9000,723.9000,723.9000,723.9000,723.9000,723.9000,723.9000
1680,0,0.0000,0.0000,0.0000,0.000000,0.000000,0.000000,0.0000,0.0000,648.13,0.000001,0.000001,0.000001,0.000001,0.000001,0.000001,0.000001,0.000001,0.000001,0.000001,0.000001,0.000001,723.9000,723.9000,723.9000,723.9000,723.9000,723.9000,723.9000,723.9000,723.9000,723.9000,723.9000,723.9000
1710,0,0.0000,0.0000,0.0000,0.000000,0.000000,0.000000,0.0000,0.0000,648.13,0.000001,0.000001,0.000001,0.000001,0.000001,0.000001,0.000001,0.000001,0.000001,0.000001,0.000001,0.000001,723.9000,723.9000,723.9000,723.9000,723.9000,723.9000,723.9000,723.9000,723.9000,723.9000,723.9000,723.9000
1740,0,0.0000,0.0000,0.0000,0.000000,0.000000,0.000000,0.0000,0.0000,648.13,0.000001,0.000001,0.000001,0.000001,0.000001,0.000001,0.000001,0.000001,0.000001,0.000001,0.000001,0.000001,723.9000,723.9000,723.9000,723.9000,723.9000,723.9000,723.9000,723.9000,723.9000,723.9000,723.9000,723.9000
1770,0,0.0000,0.0000,0.0000,0.000000,0.000000,0.000000,0.0000,0.0000,648.13,0.000001,0.000001,0.000001,0.000001,0.000001,0.000001,0.000001,0.000001,0.000001,0.000001,0.000001,0.000001,723.9000,723.9000,723.9000,723.9000,723.9000,723.9000,723.9000,723.9000,723.9000,723.9000,723.9000,723.9000
1800,0,0.0000,0.0000,0.0000,0.000000,0.000000,0.000000,0.0000,0.0000,648.13,0.000001,0.000001,0.000001,0.000001,0.000001,0.000001,0.000001,0.000001,0.000001,0.000001,0.000001,0.000001,723.9000,723.9000,723.9000,723.9000,723.9000,723.9000,723.9000,723.9000,723.9000,723.9000,723.9000,723.9000
1830,0,0.0000,0.0000,0.0000,0.000000,0.000000,0.000000,0.0000,0.0000,648.13,0.000001,0.000001,0.000001,0.000001,0.000001,0.000001,0.000001,0.000001,0.000001,0.000001,0.000001,0.000001,723.9000,723.9000,723.9000,723.9000,723.9000,723.9000,723.9000,723.9000,723.9000,723.9000,723.9000,723.9000
1860,0,0.0000,0.0000,0.0000,0.000000,0.000000,0.000000,0.0000,0.0000,648.13,0.000001,0.000001,0.000001,0.000001,0.000001,0.000001,0.000001,0.000001,0.000001,0.000001,0.000001,0.000001,723.9000,723.9000,723.9000,723.9000,723.9000,723.9000,723.9000,723.9000,723.9000,723.9000,723.9000,723.9000
1890,0,0.0000,0.0000,0.0000,0.000000,0.000000,0.000000,0.0000,0.0000,648.13,0.000001,0.000001,0.000001,0.000001,0.000001,0.000001,0.000001,0.000001,0.000001,0.000001,0.000001,0.000001,723.9000,723.9000,723.9000,723.9000,723.9000,723.9000,723.9000,723.9000,723.9000,723.9000,723.9000,723.9000
1920,0,0.0000,0.0000,0.0000,0.000000,0.000000,0.000000,0.0000,0.0000,648.13,0.000001,0.000001,0.000001,0.000001,0.000001,0.000001,0.000001,0.000001,0.000001,0.000001,0.000001,0.000001,723.9000,723.9000,723.9000,723.9000,723.9000,723.9000,723.9000,723.9000,723.9000,723.9000,723.9000,723.9000
1950,0,0.0000,0.0000,0.0000,0.000000,0.000000,0.000000,0.0000,0.0000,648.13,0.000001,0.000001,0.000001,0.000001,0.000001,0.000001,0.000001,0.000001,0.000001,0.000001,0.000001,0.000001,723.9000,723.9000,723.9000,723.9000,723.9000,723.9000,723.9000,723.9000,723.9000,723.9000,723.9000,723.9000
1980,0,0.0000,0.0000,0.0000,0.000000,0.000000,0.000000,0.0000,0.0000,648.13,0.000001,0.000001,0.000001,0.000001,0.000001,0.000001,0.000001,0.000001,0.000001,0.000001,0.000001,0.000001,723.9000,723.9000,723.9000,723.9000,723.9000,723.9000,723.9000,723.9000,723.9000,723.9000,723.9000,723.9000
2010,0,0.0000,0.0000,0.0000,0.000000,0.000000,0.000000,0.0000,0.0000,648.13,0.000001,0.000001,0.000001,0.000001,0.000001,0.000001,0.000001,0.000001,0.000001,0.000001,0.000001,0.000001,723.9000,723.9000,723.9000,723.9000,723.9000,723.9000,723.9000,723.9000,723.9000,723.9000,723.9000,723.9000
2040,0,0.0000,0.0000,0.0000,0.000000,0.000000,0.000000,0.0000,0.0000,648.13,0.000001,0.000001,0.000001,0.000001,0.000001,0.000001,0.000001,0.000001,0.000001,0.000001,0.000001,0.000001,723.9000,723.9000,723.9000,723.9000,723.9000,723.9000,723.9000,723.9000,723.9000,723.9000,723.9000,723.9000
2070,0,0.0000,0.0000,0.0000,0.000000,0.000000,0.000000,0.0000,0.0000,648.13,0.000001,0.000001,0.000001,0.000001,0.000001,0.000001,0.000001,0.000001,0.000001,0.000001,0.000001,0.000001,723.9000,723.9000,723.9000,723.9000,723.9000,723.9000,723.9000,723.9000,723.9000,723.9000,723.9000,723.9000
2100,0,0.0000,0.0000,0.0000,0.000000,0.000000,0.000000,0.0000,0.0000,648.13,0.000001,0.000001,0.000001,0.000001,0.000001,0.000001,0.000001,0.000001,0.000001,0.000001,0.000001,0.000001,723.9000,723.9000,723.9000,723.9000,723.9000,723.9000,723.9000,723.9000,723.9000,723.9000,723.9000,723.9000
2130,0,0.0000,0.0000,0.0000,0.000000,0.000000,0.000000,0.0000,0.0000,648.13,0.000001,0.000001,0.000001,0.000001,0.000001,0.000001,0.000001,0.000001,0.000001,0.000001,0.000001,0.000001,723.9000,723.9000,723.9000,723.9000,723.9000,723.9000,723.9000,723.9000,723.9000,723.9000,723.9000,723.9000
2160,0,0.0000,0.0000,0.0000,0.000000,0.000000,0.000000,0.0000,0.0000,648.13,0.000001,0.000001,0.000001,0.000001,0.000001,0.000001,0.000001,0.000001,0.000001,0.000001,0.000001,0.000001,723.9000,723.9000,723.9000,723.9000,723.9000,723.9000,723.9000,723.9000,723.9000,723.9000,723.9000,723.9000
2190,0,0.0000,0.0000,0.0000,0.000000,0.000000,0.000000,0.0000,0.0000,648.13,0.000001,0.000001,0.000001,0.000001,0.000001,0.000001,0.000001,0.000001,0.000001,0.000001,0.000001,0.000001,723.9000,723.9000,723.9000,723.9000,723.9000,723.9000,723.9000,723.9000,723.9000,723.9000,723.9000,723.9000
2220,0,0.0000,0.0000,0.0000,0.000000,0.000000,0.000000,0.0000,0.0000,648.13,0.000001,0.000001,0.000001,0.000001,0.000001,0.000001,0.000001,0.000001,0.000001,0.000001,0.000001,0.000001,723.9000,723.9000,723.9000,723.9000,723.9000,723.9000,723.9000,723.9000,723.9000,723.9000,723.9000,723.9000
2250,0,0.0000,0.0000,0.0000,0.000000,0.000000,0.000000,0.0000,0.0000,648.13,0.000001,0.000001,0.000001,0.000001,0.000001,0.000001,0.000001,0.000001,0.000001,0.000001,0.000001,0.000001,723.9000,723.9000,723.9000,723.9000,723.9000,723.9000,723.9000,723.9000,723.9000,723.9000,723.9000,723.9000
2280,0,0.0000,0.0000,0.0000,0.000000,0.000000,0.000000,0.0000,0.0000,648.13,0.000001,0.000001,0.000001,0.000001,0.000001,0.000001,0.000001,0.000001,0.000001,0.000001,0.000001,0.000001,723.9000,723.9000,723.9000,723.9000,723.9000,723.9000,723.9000,723.9000,723.9000,723.9000,723.9000,723.9000
2310,0,0.0000,0.0000,0.0000,0.000000,0.000000,0.000000,0.0000,0.0000,648.13,0.000001,0.000001,0.000001,0.000001,0.000001,0.000001,0.000001,0.000001,0.000001,0.000001,0.000001,0.000001,723.9000,723.9000,723.9000,723.9000,723.9000,723.9000,723.9000,723.9000,723.9000,723.9000,723.9000,723.9000
2340,0,0.0000,0.0000,0.0000,0.000000,0.000000,0.000000,0.0000,0.0000,648.13,0.000001,0.000001,0.000001,0.000001,0.000001,0.000001,0.000001,0.000001,0.000001,0.000001,0.000001,0.000001,723.9000,723.9000,723.9000,723.9000,723.9000,723.9000,723.9000,723.9000,723.9000,723.9000,723.9000,723.9000
2370,0,0.0000,0.0000,0.0000,0.000000,0.000000,0.000000,0.0000,0.0000,648.13,0.000001,0.000001,0.000001,0.000001,0.000001,0.000001,0.000001,0.000001,0.000001,0.000001,0.000001,0.000001,723.9000,723.9000,723.9000,723.9000,723.9000,723.9000,723.9000,723.9000,723.9000,723.9000,723.9000,723.9000
2400,0,0.0000,0.0000,0.0000,0.000000,0.000000,0.000000,0.0000,0.0000,648.13,0.000001,0.000001,0.000001,0.000001,0.000001,0.000001,0.000001,0.000001,0.000001,0.000001,0.000001,0.000001,723.9000,723.9000,723.9000,723.9000,723.9000,723.9000,723.9000,723.9000,723.9000,723.9000,723.9000,723.9000
2430,0,0.0000,0.0000,0.0000,0.000000,0.000000,0.000000,0.0000,0.0000,648.13,0.000001,0.000001,0.000001,0.000001,0.000001,0.000001,0.000001,0.000001,0.000001,0.000001,0.000001,0.000001,723.9000,723.9000,723.9000,723.9000,723.9000,723.9000,723.9000,723.9000,723.9000,723.9000,723.9000,723.9000
2460,0,0.0000,0.0000,0.0000,0.000000,0.000000,0.000000,0.0000,0.0000,648.13,0.000001,0.000001,0.000001,0.000001,0.000001,0.000001,0.000001,0.000001,0.000001,0.000001,0.000001,0.000001,723.9000,723.9000,723.9000,723.9000,723.9000,723.9000,723.9000,723.9000,723.9000,723.9000,723.9000,723.9000
2490,0,0.0000,0.0000,0.0000,0.000000,0.000000,0.000000,0.0000,0.0000,648.13,0.000001,0.000001,0.000001,0.000001,0.000001,0.000001,0.000001,0.000001,0.000001,0.000001,0.000001,0.000001,723.9000,723.9000,723.9000,723.9000,723.9000,723.9000,723.9000,723.9000,723.9000,723.9000,723.9000,723.9000
2520,0,0.0000,0.0000,0.0000,0.000000,0.000000,0.000000,0.0000,0.0000,648.13,0.000001,0.000001,0.000001,0.000001,0.000001,0.000001,0.000001,0.000001,0.000001,0.000001,0.000001,0.000001,723.9000,723.9000,723.9000,723.9000,723.9000,723.9000,723.9000,723.9000,723.9000,723.9000,723.9000,723.9000
2550,0,0.0000,0.0000,0.0000,0.000000,0.000000,0.000000,0.0000,0.0000,648.13,0.000001,0.000001,0.000001,0.000001,0.000001,0.000001,0.000001,0.000001,0.000001,0.000001,0.000001,0.000001,723.9000,723.9000,723.9000,723.9000,723.9000,723.9000,723.9000,723.9000,723.9000,723.9000,723.9000,723.9000
2580,0,0.0000,0.0000,0.0000,0.000000,0.000000,0.000000,0.0000,0.0000,648.13,0.000001,0.000001,0.000001,0.000001,0.000001,0.000001,0.000001,0.000001,0.000001,0.000001,0.000001,0.000001,723.9000,723.9000,723.9000,723.9000,723.9000,723.9000,723.9000,723.9000,723.9000,723.9000,723.9000,723.9000
2610,0,0.0000,0.0000,0.0000,0.000000,0.000000,0.000000,0.0000,0.0000,648.13,0.000001,0.000001,0.000001,0.000001,0.000001,0.000001,0.000001,0.000001,0.000001,0.000001,0.000001,0.000001,723.9000,723.9000,723.9000,723.9000,723.9000,723.9000,723.9000,723.9000,723.9000,723.9000,723.9000,723.9000
2640,0,0.0000,0.0000,0.0000,0.000000,0.000000,0.000000,0.0000,0.0000,648.13,0.000001,0.000001,0.000001,0.000001,0.000001,0.000001,0.000001,0.000001,0.000001,0.000001,0.000001,0.000001,723.9000,723.9000,723.9000,723.9000,723.9000,723.9000,723.9000,723.9000,723.9000,723.9000,723.9000,723.9000
2670,0,0.0000,0.0000,0.0000,0.000000,0.000000,0.000000,0.0000,0.0000,648.13,0.000001,0.000001,0.000001,0.000001,0.000001,0.000001,0.000001,0.000001,0.000001,0.000001,0.000001,0.000001,723.9000,723.9000,723.9000,723.9000,723.9000,723.9000,723.9000,723.9000,723.9000,723.9000,723.9000,723.9000
2700,0,0.0000,0.0000,0.0000,0.000000,0.000000,0.000000,0.0000,0.0000,648.13,0.000001,0.000001,0.000001,0.000001,0.000001,0.000001,0.000001,0.000001,0.000001,0.000001,0.000001,0.000001,723.9000,723.9000,723.9000,723.9000,723.9000,723.9000,723.9000,723.9000,723.9000,723.9000,723.9000,723.9000
2730,0,0.0000,0.0000,0.0000,0.000000,0.000000,0.000000,0.0000,0.0000,648.13,0.000001,0.000001,0.000001,0.000001,0.000001,0.000001,0.000001,0.000001,0.000001,0.000001,0.000001,0.000001,723.9000,723.9000,723.9000,723.9000,723.9000,723.9000,723.9000,723.9000,723.9000,723.9000,723.9000,723.9000
2760,0,0.0000,0.0000,0.0000,0.000000,0.000000,0.000000,0.0000,0.0000,648.13,0.000001,0.000001,0.000001,0.000001,0.000001,0.000001,0.000001,0.000001,0.000001,0.000001,0.000001,0.000001,723.9000,723.9000,723.9000,723.9000,723.9000,723.9000,723.9000,723.9000,723.9000,723.9000,723.9000,723.9000
2790,0,0.0000,0.0000,0.0000,0.000000,0.000000,0.000000,0.0000,0.0000,648.13,0.000001,0.000001,0.000001,0.000001,0.000001,0.000001,0.000001,0.000001,0.000001,0.000001,0.000001,0.000001,723.9000,723.9000,723.9000,723.9000,723.9000,723.9000,723.9000,723.9000,723.9000,723.9000,723.9000,723.9000
2820,0,0.0000,0.0000,0.0000,0.000000,0.000000,0.000000,0.0000,0.0000,648.13,0.000001,0.000001,0.000001,0.000001,0.000001,0.000001,0.000001,0.000001,0.000001,0.000001,0.000001,0.000001,723.9000,723.9000,723.9000,723.9000,723.9000,723.9000,723.9000,723.9000,723.9000,723.9000,723.9000,723.9000
2850,0,0.0000,0.0000,0.0000,0.000000,0.000000,0.000000,0.0000,0.0000,648.13,0.000001,0.000001,0.000001,0.000001,0.000001,0.000001,0.000001,0.000001,0.000001,0.000001,0.000001,0.000001,723.9000,723.9000,723.9000,723.9000,723.9000,723.9000,723.9000,723.9000,723.9000,723.9000,723.9000,723.9000
2880,0,0.0000,0.0000,0.0000,0.000000,0.000000,0.000000,0.0000,0.0000,648.13,0.000001,0.000001,0.000001,0.000001,0.000001,0.000001,0.000001,0.000001,0.000001,0.000001,0.000001,0.000001,723.9000,723.9000,723.9000,723.9000,723.9000,723.9000,723.9000,723.9000,723.9000,723.9000,723.9000,723.9000
2910,0,0.0000,0.0000,0.0000,0.000000,0.000000,0.000000,0.0000,0.0000,648.13,0.000001,0.000001,0.000001,0.000001,0.000001,0.000001,0.000001,0.000001,0.000001,0.000001,0.000001,0.000001,723.9000,723.9000,723.9000,723.9000,723.9000,723.9000,723.9000,723.9000,723.9000,723.9000,723.9000,723.9000
2940,0,0.0000,0.0000,0.0000,0.000000,0.000000,0.000000,0.0000,0.0000,648.13,0.000001,0.000001,0.000001,0.000001,0.000001,0.000001,0.000001,0.000001,0.000001,0.000001,0.000001,0.000001,723.9000,723.9000,723.9000,723.9000,723.9000,723.9000,723.9000,723.9000,723.9000,723.9000,723.9000,723.9000
2970,0,0.0000,0.0000,0.0000,0.000000,0.000000,0.000000,0.0000,0.0000,648.13,0.000001,0.000001,0.000001,0.000001,0.000001,0.000001,0.000001,0.000001,0.000001,0.000001,0.000001,0.000001,723.9000,723.9000,723.9000,723.9000,723.9000,723.9000,723.9000,723.9000,723.9000,723.9000,723.9000,723.9000
3000,0,0.0000,0.0000,0.0000,0.000000,0.000000,0.000000,0.0000,0.0000,648.13,0.000001,0.000001,0.000001,0.000001,0.000001,0.000001,0.000001,0.000001,0.000001,0.000001,0.000001,0.000001,723.9000,723.9000,723.9000,723.9000,723.9000,723.9000,723.9000,723.9000,723.9000,723.9000,723.9000,723.9000
3030,0,0.0000,0.0000,0.0000,0.000000,0.000000,0.000000,0.0000,0.0000,648.13,0.000001,0.000001,0.000001,0.000001,0.000001,0.000001,0.000001,0.000001,0.000001,0.000001,0.000001,0.000001,723.9000,723.9000,723.9000,723.9000,723.9000,723.9000,723.9000,723.9000,723.9000,723.9000,723.9000,723.9000
3060,0,0.0000,0.0000,0.0000,0.000000,0.000000,0.000000,0.0000,0.0000,648.13,0.000001,0.000001,0.000001,0.000001,0.000001,0.000001,0.000001,0.000001,0.000001,0.000001,0.000001,0.000001,723.9000,723.9000,723.9000,723.9000,723.9000,723.9000,723.9000,723.9000,723.9000,723.9000,723.9000,723.9000
3090,0,0.0000,0.0000,0.0000,0.000000,0.000000,0.000000,0.0000,0.0000,648.13,0.000001,0.000001,0.000001,0.000001,0.000001,0.000001,0.000001,0.000001,0.000001,0.000001,0.000001,0.000001,723.9000,723.9000,723.9000,723.9000,723.9000,723.9000,723.9000,723.9000,723.9000,723.9000,723.9000,723.9000
3120,0,0.0000,0.0000,0.0000,0.000000,0.000000,0.000000,0.0000,0.0000,648.13,0.000001,0.000001,0.000001,0.000001,0.000001,0.000001,0.000001,0.000001,0.000001,0.000001,0.000001,0.000001,723.9000,723.9000,723.9000,723.9000,723.9000,723.9000,723.9000,723.9000,723.9000,723.9000,723.9000,723.9000
3150,0,0.0000,0.0000,0.0000,0.000000,0.000000,0.000000,0.0000,0.0000,648.13,0.000001,0.000001,0.000001,0.000001,0.000001,0.000001,0.000001,0.000001,0.000001,0.000001,0.000001,0.000001,723.9000,723.9000,723.9000,723.9000,723.9000,723.9000,723.9000,723.9000,723.9000,723.9000,723.9000,723.9000
3180,0,0.0000,0.0000,0.0000,0.000000,0.000000,0.000000,0.0000,0.0000,648.13,0.000001,0.000001,0.000001,0.000001,0.000001,0.000001,0.000001,0.000001,0.000001,0.000001,0.000001,0.000001,723.9000,723.9000,723.9000,723.9000,723.9000,723.9000,723.9000,723.9000,723.9000,723.9000,723.9000,723.9000
3210,0,0.0000,0.0000,0.0000,0.000000,0.000000,0.000000,0.0000,0.0000,648.13,0.000001,0.000001,0.000001,0.000001,0.000001,0.000001,0.000001,0.000001,0.000001,0.000001,0.000001,0.000001,723.9000,723.9000,723.9000,723.9000,723.9000,723.9000,723.9000,723.9000,723.9000,723.9000,723.9000,723.9000
3240,0,0.0000,0.0000,0.0000,0.000000,0.000000,0.000000,0.0000,0.0000,648.13,0.000001,0.000001,0.000001,0.000001,0.000001,0.000001,0.000001,0.000001,0.000001,0.000001,0.000001,0.000001,723.9000,723.9000,723.9000,723.9000,723.9000,723.9000,723.9000,723.9000,723.9000,723.9000,723.9000,723.9000
3270,0,0.0000,0.0000,0.0000,0.000000,0.000000,0.000000,0.0000,0.0000,648.13,0.000001,0.000001,0.000001,0.000001,0.000001,0.000001,0.000001,0.000001,0.000001,0.000001,0.000001,0.000001,723.9000,723.9000,723.9000,723.9000,723.9000,723.9000,723.9000,723.9000,723.9000,723.9000,723.9000,723.9000
3300,0,0.0000,0.0000,0.0000,0.000000,0.000000,0.000000,0.0000,0.0000,648.13,0.000001,0.000001,0.000001,0.000001,0.000001,0.000001,0.000001,0.000001,0.000001,0.000001,0.000001,0.000001,723.9000,723.9000,723.9000,723.9000,723.9000,723.9000,723.9000,723.9000,723.9000,723.9000,723.9000,723.9000
3330,0,0.0000,0.0000,0.0000,0.000000,0.000000,0.000000,0.0000,0.0000,648.13,0.000001,0.000001,0.000001,0.000001,0.000001,0.000001,0.000001,0.000001,0.000001,0.000001,0.000001,0.000001,723.9000,723.9000,723.9000,723.9000,723.9000,723.9000,723.9000,723.9000,723.9000,723.9000,723.9000,723.9000
3360,0,0.0000,0.0000,0.0000,0.000000,0.000000,0.000000,0.0000,0.0000,648.13,0.000001,0.000001,0.000001,0.000001,0.000001,0.000001,0.000001,0.000001,0.000001,0.000001,0.000001,0.000001,723.9000,723.9000,723.9000,723.9000,723.9000,723.9000,723.9000,723.9000,723.9000,723.9000,723.9000,723.9000
3390,0,0.0000,0.0000,0.0000,0.000000,0.000000,0.000000,0.0000,0.0000,648.13,0.000001,0.000001,0.000001,0.000001,0.000001,0.000001,0.000001,0.000001,0.000001,0.000001,0.000001,0.000001,723.9000,723.9000,723.9000,723.9000,723.9000,723.9000,723.9000,723.9000,723.9000,723.9000,723.9000,723.9000
3420,0,0.0000,0.0000,0.0000,0.000000,0.000000,0.000000,0.0000,0.0000,648.13,0.000001,0.000001,0.000001,0.000001,0.000001,0.000001,0.000001,0.000001,0.000001,0.000001,0.000001,0.000001,723.9000,723.9000,723.9000,723.9000,723.9000,723.9000,723.9000,723.9000,723.9000,723.9000,723.9000,723.9000
3450,0,0.0000,0.0000,0.0000,0.000000,0.000000,0.000000,0.0000,0.0000,648.13,0.000001,0.000001,0.000001,0.000001,0.000001,0.000001,0.000001,0.000001,0.000001,0.000001,0.000001,0.000001,723.9000,723.9000,723.9000,723.9000,723.9000,723.9000,723.9000,723.9000,723.9000,723.9000,723.9000,723.9000
3480,0,0.0000,0.0000,0.0000,0.000000,0.000000,0.000000,0.0000,0.0000,648.13,0.000001,0.000001,0.000001,0.000001,0.000001,0.000001,0.000001,0.000001,0.000001,0.000001,0.000001,0.000001,723.9000,723.9000,723.9000,723.9000,723.9000,723.9000,723.9000,723.9000,723.9000,723.9000,723.9000,723.9000
3510,0,0.0000,0.0000,0.0000,0.000000,0.000000,0.000000,0.0000,0.0000,648.13,0.000001,0.000001,0.000001,0.000001,0.000001,0.000001,0.000001,0.000001,0.000001,0.000001,0.000001,0.000001,723.9000,723.9000,723.9000,723.9000,723.9000,723.9000,723.9000,723.9000,723.9000,723.9000,723.9000,723.9000
3540,0,0.0000,0.0000,0.0000,0.000000,0.000000,0.000000,0.0000,0.0000,648.13,0.000001,0.000001,0.000001,0.000001,0.000001,0.000001,0.000001,0.000001,0.000001,0.000001,0.000001,0.000001,723.9000,723.9000,723.9000,723.9000,723.9000,723.9000,723.9000,723.9000,723.9000,723.9000,723.9000,723.9000
3570,0,0.0000,0.0000,0.0000,0.000000,0.000000,0.000000,0.0000,0.0000,648.13,0.000001,0.000001,0.000001,0.000001,0.000001,0.000001,0.000001,0.000001,0.000001,0.000001,0.000001,0.000001,723.9000,723.9000,723.9000,723.9000,723.9000,723.9000,723.9000,723.9000,723.9000,723.9000,723.9000,723.9000
3600,0,0.0000,0.0000,0.0000,0.000000,0.000000,0.000000,0.0000,0.0000,648.13,0.000001,0.000001,0.000001,0.000001,0.000001,0.000001,0.000001,0.000001,0.000001,0.000001,0.000001,0.000001,723.9000,723.9000,723.9000,723.9000,723.9000,723.9000,723.9000,723.9000,723.9000,723.9000,723.9000,723.9000
3630,0,0.0000,0.0000,0.0000,0.000000,0.000000,0.000000,0.0000,0.0000,648.13,0.000001,0.000001,0.000001,0.000001,0.000001,0.000001,0.000001,0.000001,0.000001,0.000001,0.000001,0.000001,723.9000,723.9000,723.9000,723.9000,723.9000,723.9000,723.9000,723.9000,723.9000,723.9000,723.9000,723.9000
3660,0,0.0000,0.0000,0.0000,0.000000,0.000000,0.000000,0.0000,0.0000,648.13,0.000001,0.000001,0.000001,0.000001,0.000001,0.000001,0.000001,0.000001,0.000001,0.000001,0.000001,0.000001,723.9000,723.9000,723.9000,723.9000,723.9000,723.9000,723.9000,723.9000,723.9000,723.9000,723.9000,723.9000
3690,0,0.0000,0.0000,0.0000,0.000000,0.000000,0.000000,0.0000,0.0000,648.13,0.000001,0.000001,0.000001,0.000001,0.000001,0.000001,0.000001,0.000001,0.000001,0.000001,0.000001,0.000001,723.9000,723.9000,723.9000,723.9000,723.9000,723.9000,723.9000,723.9000,723.9000,723.9000,723.9000,723.9000
3720,0,0.0000,0.0000,0.0000,0.000000,0.000000,0.000000,0.0000,0.0000,648.13,0.000001,0.000001,0.000001,0.000001,0.000001,0.000001,0.000001,0.000001,0.000001,0.000001,0.000001,0.000001,723.9000,723.9000,723.9000,723.9000,723.9000,723.9000,723.9000,723.9000,723.9000,723.9000,723.9000,723.9000
3750,0,0.0000,0.0000,0.0000,0.000000,0.000000,0.000000,0.0000,0.0000,648.13,0.000001,0.000001,0.000001,0.000001,0.000001,0.000001,0.000001,0.000001,0.000001,0.000001,0.000001,0.000001,723.9000,723.9000,723.9000,723.9000,723.9000,723.9000,723.9000,723.9000,723.9000,723.9000,723.9000,723.9000
3780,0,0.0000,0.0000,0.0000,0.000000,0.000000,0.000000,0.0000,0.0000,648.13,0.000001,0.000001,0.000001,0.000001,0.000001,0.000001,0.000001,0.000001,0.000001,0.000001,0.000001,0.000001,723.9000,723.9000,723.9000,723.9000,723.9000,723.9000,723.9000,723.9000,723.9000,723.9000,723.9000,723.9000
3810,0,0.0000,0.0000,0.0000,0.000000,0.000000,0.000000,0.0000,0.0000,648.13,0.000001,0.000001,0.000001,0.000001,0.000001,0.000001,0.000001,0.000001,0.000001,0.000001,0.000001,0.000001,723.9000,723.9000,723.9000,723.9000,723.9000,723.9000,723.9000,723.9000,723.9000,723.9000,723.9000,723.9000
3840,0,0.0000,0.0000,0.0000,0.000000,0.000000,0.000000,0.0000,0.0000,648.13,0.000001,0.000001,0.000001,0.000001,0.000001,0.000001,0.000001,0.000001,0.000001,0.000001,0.000001,0.000001,723.9000,723.9000,723.9000,723.9000,723.9000,723.9000,723.9000,723.9000,723.9000,723.9000,723.9000,723.9000
3870,0,0.0000,0.0000,0.0000,0.000000,0.000000,0.000000,0.0000,0.0000,648.13,0.000001,0.000001,0.000001,0.000001,0.000001,0.000001,0.000001,0.000001,0.000001,0.000001,0.000001,0.000001,723.9000,723.9000,723.9000,723.9000,723.9000,723.9000,723.9000,723.9000,723.9000,723.9000,723.9000,723.9000
3900,0,0.0000,0.0000,0.0000,0.000000,0.000000,0.000000,0.0000,0.0000,648.13,0.000001,0.000001,0.000001,0.000001,0.000001,0.000001,0.000001,0.000001,0.000001,0.000001,0.000001,0.000001,723.9000,723.9000,723.9000,723.9000,723.9000,723.9000,723.9000,723.9000,723.9000,723.9000,723.9000,723.9000
3930,0,0.0000,0.0000,0.0000,0.000000,0.000000,0.000000,0.0000,0.0000,648.13,0.000001,0.000001,0.000001,0.000001,0.000001,0.000001,0.000001,0.000001,0.000001,0.000001,0.000001,0.000001,723.9000,723.9000,723.9000,723.9000,723.9000,723.9000,723.9000,723.9000,723.9000,723.9000,723.9000,723.9000
3960,0,0.0000,0.0000,0.0000,0.000000,0.000000,0.000000,0.0000,0.0000,648.13,0.000001,0.000001,0.000001,0.000001,0.000001,0.000001,0.000001,0.000001,0.000001,0.000001,0.000001,0.000001,723.9000,723.9000,723.9000,723.9000,723.9000,723.9000,723.9000,723.9000,723.9000,723.9000,723.9000,723.9000
3990,0,0.0000,0.0000,0.0000,0.000000,0.000000,0.000000,0.0000,0.0000,648.13,0.000001,0.000001,0.000001,0.000001,0.000001,0.000001,0.000001,0.000001,0.000001,0.000001,0.000001,0.000001,723.9000,723.9000,723.9000,723.9000,723.9000,723.9000,723.9000,723.9000,723.9000,723.9000,723.9000,723.9000
4020,0,0.0000,0.0000,0.0000,0.000000,0.000000,0.000000,0.0000,0.0000,648.13,0.000001,0.000001,0.000001,0.000001,0.000001,0.000001,0.000001,0.000001,0.000001,0.000001,0.000001,0.000001,723.9000,723.9000,723.9000,723.9000,723.9000,723.9000,723.9000,723.9000,723.9000,723.9000,723.9000,723.9000
4050,0,0.0000,0.0000,0.0000,0.000000,0.000000,0.000000,0.0000,0.0000,648.13,0.000001,0.000001,0.000001,0.000001,0.000001,0.000001,0.000001,0.000001,0.000001,0.000001,0.000001,0.000001,723.9000,723.9000,723.9000,723.9000,723.9000,723.9000,723.9000,723.9000,723.9000,723.9000,723.9000,723.9000
4080,0,0.0000,0.0000,0.0000,0.000000,0.000000,0.000000,0.0000,0.0000,648.13,0.000001,0.000001,0.000001,0.000001,0.000001,0.000001,0.000001,0.000001,0.000001,0.000001,0.000001,0.000001,723.9000,723.9000,723.9000,723.9000,723.9000,723.9000,723.9000,723.9000,723.9000,723.9000,723.9000,723.9000
4110,0,0.0000,0.0000,0.0000,0.000000,0.000000,0.000000,0.0000,0.0000,648.13,0.000001,0.000001,0.000001,0.000001,0.000001,0.000001,0.000001,0.000001,0.000001,0.000001,0.000001,0.000001,723.9000,723.9000,723.9000,723.9000,723.9000,723.9000,723.9000,723.9000,723.9000,723.9000,723.9000,723.9000
4140,0,0.0000,0.0000,0.0000,0.000000,0.000000,0.000000,0.0000,0.0000,648.13,0.000001,0.000001,0.000001,0.000001,0.000001,0.000001,0.000001,0.000001,0.000001,0.000001,0.000001,0.000001,723.9000,723.9000,723.9000,723.9000,723.9000,723.9000,723.9000,723.9000,723.9000,723.9000,723.9000,723.9000
4170,0,0.0000,0.0000,0.0000,0.000000,0.000000,0.000000,0.0000,0.0000,648.13,0.000001,0.000001,0.000001,0.000001,0.000001,0.000001,0.000001,0.000001,0.000001,0.000001,0.000001,0.000001,723.9000,723.9000,723.9000,723.9000,723.9000,723.9000,723.9000,723.9000,723.9000,723.9000,723.9000,723.9000
4200,0,0.0000,0.0000,0.0000,0.000000,0.000000,0.000000,0.0000,0.0000,648.13,0.000001,0.000001,0.000001,0.000001,0.000001,0.000001,0.000001,0.000001,0.000001,0.000001,0.000001,0.000001,723.9000,723.9000,723.9000,723.9000,723.9000,723.9000,723.9000,723.9000,723.9000,723.9000,723.9000,723.9000
4230,0,0.0000,0.0000,0.0000,0.000000,0.000000,0.000000,0.0000,0.0000,648.13,0.000001,0.000001,0.000001,0.000001,0.000001,0.000001,0.000001,0.000001,0.000001,0.000001,0.000001,0.000001,723.9000,723.9000,723.9000,723.9000,723.9000,723.9000,723.9000,723.9000,723.9000,723.9000,723.9000,723.9000
4260,0,0.0000,0.0000,0.0000,0.000000,0.000000,0.000000,0.0000,0.0000,648.13,0.000001,0.000001,0.000001,0.000001,0.000001,0.000001,0.000001,0.000001,0.000001,0.000001,0.000001,0.000001,723.9000,723.9000,723.9000,723.9000,723.9000,723.9000,723.9000,723.9000,723.9000,723.9000,723.9000,723.9000
4290,0,0.0000,0.0000,0.0000,0.000000,0.000000,0.000000,0.0000,0.0000,648.13,0.000001,0.000001,0.000001,0.000001,0.000001,0.000001,0.000001,0.000001,0.000001,0.000001,0.000001,0.000001,723.9000,723.9000,723.9000,723.9000,723.9000,723.9000,723.9000,723.9000,723.9000,723.9000,723.9000,723.9000
4320,0,0.0000,0.0000,0.0000,0.000000,0.000000,0.000000,0.0000,0.0000,648.13,0.000001,0.000001,0.000001,0.000001,0.000001,0.000001,0.000001,0.000001,0.000001,0.000001,0.000001,0.000001,723.9000,723.9000,723.9000,723.9000,723.9000,723.9000,723.9000,723.9000,723.9000,723.9000,723.9000,723.9000
4350,0,0.0000,0.0000,0.0000,0.000000,0.000000,0.000000,0.0000,0.0000,648.13,0.000001,0.000001,0.000001,0.000001,0.000001,0.000001,0.000001,0.000001,0.000001,0.000001,0.000001,0.000001,723.9000,723.9000,723.9000,723.9000,723.9000,723.9000,723.9000,723.9000,723.9000,723.9000,723.9000,723.9000
4380,0,0.0000,0.0000,0.0000,0.000000,0.000000,0.000000,0.0000,0.0000,648.13,0.000001,0.000001,0.000001,0.000001,0.000001,0.000001,0.000001,0.000001,0.000001,0.000001,0.000001,0.000001,723.9000,723.9000,723.9000,723.9000,723.9000,723.9000,723.9000,723.9000,723.9000,723.9000,723.9000,723.9000
4410,0,0.0000,0.0000,0.0000,0.000000,0.000000,0.000000,0.0000,0.0000,648.13,0.000001,0.000001,0.000001,0.000001,0.000001,0.000001,0.000001,0.000001,0.000001,0.000001,0.000001,0.000001,723.9000,723.9000,723.9000,723.9000,723.9000,723.9000,723.9000,723.9000,723.9000,723.9000,723.9000,723.9000
4440,0,0.0000,0.0000,0.0000,0.000000,0.000000,0.000000,0.0000,0.0000,648.13,0.000001,0.000001,0.000001,0.000001,0.000001,0.000001,0.000001,0.000001,0.000001,0.000001,0.000001,0.000001,723.9000,723.9000,723.9000,723.9000,723.9000,723.9000,723.9000,723.9000,723.9000,723.9000,723.9000,723.9000
4470,0,0.0000,0.0000,0.0000,0.000000,0.000000,0.000000,0.0000,0.0000,648.13,0.000001,0.000001,0.000001,0.000001,0.000001,0.000001,0.000001,0.000001,0.000001,0.000001,0.000001,0.000001,723.9000,723.9000,723.9000,723.9000,723.9000,723.9000,723.9000,723.9000,723.9000,723.9000,723.9000,723.9000
4500,0,0.0000,0.0000,0.0000,0.000000,0.000000,0.000000,0.0000,0.0000,648.13,0.000001,0.000001,0.000001,0.000001,0.000001,0.000001,0.000001,0.000001,0.000001,0.000001,0.000001,0.000001,723.9000,723.9000,723.9000,723.9000,723.9000,723.9000,723.9000,723.9000,723.9000,723.9000,723.9000,723.9000
4530,0,0.0000,0.0000,0.0000,0.000000,0.000000,0.000000,0.0000,0.0000,648.13,0.000001,0.000001,0.000001,0.000001,0.000001,0.000001,0.000001,0.000001,0.000001,0.000001,0.000001,0.000001,723.9000,723.9000,723.9000,723.9000,723.9000,723.9000,723.9000,723.9000,723.9000,723.9000,723.9000,723.9000
4560,0,0.0000,0.0000,0.0000,0.000000,0.000000,0.000000,0.0000,0.0000,648.13,0.000001,0.000001,0.000001,0.000001,0.000001,0.000001,0.000001,0.000001,0.000001,0.000001,0.000001,0.000001,723.9000,723.9000,723.9000,723.9000,723.9000,723.9000,723.9000,723.9000,723.9000,723.9000,723.9000,723.9000
4590,0,0.0000,0.0000,0.0000,0.000000,0.000000,0.000000,0.0000,0.0000,648.13,0.000001,0.000001,0.000001,0.000001,0.000001,0.000001,0.000001,0.000001,0.000001,0.000001,0.000001,0.000001,723.9000,723.9000,723.9000,723.9000,723.9000,723.9000,723.9000,723.9000,723.9000,723.9000,723.9000,723.9000
4620,0,0.0000,0.0000,0.0000,0.000000,0.000000,0.000000,0.0000,0.0000,648.13,0.000001,0.000001,0.000001,0.000001,0.000001,0.000001,0.000001,0.000001,0.000001,0.000001,0.000001,0.000001,723.9000,723.9000,723.9000,723.9000,723.9000,723.9000,723.9000,723.9000,723.9000,723.9000,723.9000,723.9000
4650,0,0.0000,0.0000,0.0000,0.000000,0.000000,0.000000,0.0000,0.0000,648.13,0.000001,0.000001,0.000001,0.000001,0.000001,0.000001,0.000001,0.000001,0.000001,0.000001,0.000001,0.000001,723.9000,723.9000,723.9000,723.9000,723.9000,723.9000,723.9000,723.9000,723.9000,723.9000,723.9000,723.9000
4680,0,0.0000,0.0000,0.0000,0.000000,0.000000,0.000000,0.0000,0.0000,648.13,0.000001,0.000001,0.000001,0.000001,0.000001,0.000001,0.000001,0.000001,0.000001,0.000001,0.000001,0.000001,723.9000,723.9000,723.9000,723.9000,723.9000,723.9000,723.9000,723.9000,723.9000,723.9000,723.9000,723.9000
4710,0,0.0000,0.0000,0.0000,0.000000,0.000000,0.000000,0.0000,0.0000,648.13,0.000001,0.000001,0.000001,0.000001,0.000001,0.000001,0.000001,0.000001,0.000001,0.000001,0.000001,0.000001,723.9000,723.9000,723.9000,723.9000,723.9000,723.9000,723.9000,723.9000,723.9000,723.9000,723.9000,723.9000
4740,0,0.0000,0.0000,0.0000,0.000000,0.000000,0.000000,0.0000,0.0000,648.13,0.000001,0.000001,0.000001,0.000001,0.000001,0.000001,0.000001,0.000001,0.000001,0.000001,0.000001,0.000001,723.9000,723.9000,723.9000,723.9000,723.9000,723.9000,723.9000,723.9000,723.9000,723.9000,723.9000,723.9000
4770,0,0.0000,0.0000,0.0000,0.000000,0.000000,0.000000,0.0000,0.0000,648.13,0.000001,0.000001,0.000001,0.000001,0.000001,0.000001,0.000001,0.000001,0.000001,0.000001,0.000001,0.000001,723.9000,723.9000,723.9000,723.9000,723.9000,723.9000,723.9000,723.9000,723.9000,723.9000,723.9000,723.9000
4800,0,0.0000,0.0000,0.0000,0.000000,0.000000,0.000000,0.0000,0.0000,648.13,0.000001,0.000001,0.000001,0.000001,0.000001,0.000001,0.000001,0.000001,0.000001,0.000001,0.000001,0.000001,723.9000,723.9000,723.9000,723.9000,723.9000,723.9000,723.9000,723.9000,723.9000,723.9000,723.9000,723.9000
4830,0,0.0000,0.0000,0.0000,0.000000,0.000000,0.000000,0.0000,0.0000,648.13,0.000001,0.000001,0.000001,0.000001,0.000001,0.000001,0.000001,0.000001,0.000001,0.000001,0.000001,0.000001,723.9000,723.9000,723.9000,723.9000,723.9000,723.9000,723.9000,723.9000,723.9000,723.9000,723.9000,723.9000
4860,0,0.0000,0.0000,0.0000,0.000000,0.000000,0.000000,0.0000,0.0000,648.13,0.000001,0.000001,0.000001,0.000001,0.000001,0.000001,0.000001,0.000001,0.000001,0.000001,0.000001,0.000001,723.9000,723.9000,723.9000,723.9000,723.9000,723.9000,723.9000,723.9000,723.9000,723.9000,723.9000,723.9000
4890,0,0.0000,0.0000,0.0000,0.000000,0.000000,0.000000,0.0000,0.0000,648.13,0.000001,0.000001,0.000001,0.000001,0.000001,0.000001,0.000001,0.000001,0.000001,0.000001,0.000001,0.000001,723.9000,723.9000,723.9000,723.9000,723.9000,723.9000,723.9000,723.9000,723.9000,723.9000,723.9000,723.9000
4920,0,0.0000,0.0000,0.0000,0.000000,0.000000,0.000000,0.0000,0.0000,648.13,0.000001,0.000001,0.000001,0.000001,0.000001,0.000001,0.000001,0.000001,0.000001,0.000001,0.000001,0.000001,723.9000,723.9000,723.9000,723.9000,723.9000,723.9000,723.9000,723.9000,723.9000,723.9000,723.9000,723.9000
4950,0,0.0000,0.0000,0.0000,0.000000,0.000000,0.000000,0.0000,0.0000,648.13,0.000001,0.000001,0.000001,0.000001,0.000001,0.000001,0.000001,0.000001,0.000001,0.000001,0.000001,0.000001,723.9000,723.9000,723.9000,723.9000,723.9000,723.9000,723.9000,723.9000,723.9000,723.9000,723.9000,723.9000
4980,0,0.0000,0.0000,0.0000,0.000000,0.000000,0.000000,0.0000,0.0000,648.13,0.000001,0.000001,0.000001,0.000001,0.000001,0.000001,0.000001,0.000001,0.000001,0.000001,0.000001,0.000001,723.9000,723.9000,723.9000,723.9000,723.9000,723.9000,723.9000,723.9000,723.9000,723.9000,723.9000,723.9000
5010,0,0.0000,0.0000,0.0000,0.000000,0.000000,0.000000,0.0000,0.0000,648.13,0.000001,0.000001,0.000001,0.000001,0.000001,0.000001,0.000001,0.000001,0.000001,0.000001,0.000001,0.000001,723.9000,723.9000,723.9000,723.9000,723.9000,723.9000,723.9000,723.9000,723.9000,723.9000,723.9000,723.9000
5040,0,0.0000,0.0000,0.0000,0.000000,0.000000,0.000000,0.0000,0.0000,648.13,0.000001,0.000001,0.000001,0.000001,0.000001,0.000001,0.000001,0.000001,0.000001,0.000001,0.000001,0.000001,723.9000,723.9000,723.9000,723.9000,723.9000,723.9000,723.9000,723.9000,723.9000,723.9000,723.9000,723.9000
5070,0,0.0000,0.0000,0.0000,0.000000,0.000000,0.000000,0.0000,0.0000,648.13,0.000001,0.000001,0.000001,0.000001,0.000001,0.000001,0.000001,0.000001,0.000001,0.000001,0.000001,0.000001,723.9000,723.9000,723.9000,723.9000,723.9000,723.9000,723.9000,723.9000,723.9000,723.9000,723.9000,723.9000
5100,0,0.0000,0.0000,0.0000,0.000000,0.000000,0.000000,0.0000,0.0000,648.13,0.000001,0.000001,0.000001,0.000001,0.000001,0.000001,0.000001,0.000001,0.000001,0.000001,0.000001,0.000001,723.9000,723.9000,723.9000,723.9000,723.9000,723.9000,723.9000,723.9000,723.9000,723.9000,723.9000,723.9000
5130,0,0.0000,0.0000,0.0000,0.000000,0.000000,0.000000,0.0000,0.0000,648.13,0.000001,0.000001,0.000001,0.000001,0.000001,0.000001,0.000001,0.000001,0.000001,0.000001,0.000001,0.000001,723.9000,723.9000,723.9000,723.9000,723.9000,723.9000,723.9000,723.9000,723.9000,723.9000,723.9000,723.9000
5160,0,0.0000,0.0000,0.0000,0.000000,0.000000,0.000000,0.0000,0.0000,648.13,0.000001,0.000001,0.000001,0.000001,0.000001,0.000001,0.000001,0.000001,0.000001,0.000001,0.000001,0.000001,723.9000,723.9000,723.9000,723.9000,723.9000,723.9000,723.9000,723.9000,723.9000,723.9000,723.9000,723.9000
5190,0,0.0000,0.0000,0.0000,0.000000,0.000000,0.000000,0.0000,0.0000,648.13,0.000001,0.000001,0.000001,0.000001,0.000001,0.000001,0.000001,0.000001,0.000001,0.000001,0.000001,0.000001,723.9000,723.9000,723.9000,723.9000,723.9000,723.9000,723.9000,723.9000,723.9000,723.9000,723.9000,723.9000
5220,0,0.0000,0.0000,0.0000,0.000000,0.000000,0.000000,0.0000,0.0000,648.13,0.000001,0.000001,0.000001,0.000001,0.000001,0.000001,0.000001,0.000001,0.000001,0.000001,0.000001,0.000001,723.9000,723.9000,723.9000,723.9000,723.9000,723.9000,723.9000,723.9000,723.9000,723.9000,723.9000,723.9000
5250,0,0.0000,0.0000,0.0000,0.000000,0.000000,0.000000,0.0000,0.0000,648.13,0.000001,0.000001,0.000001,0.000001,0.000001,0.000001,0.000001,0.000001,0.000001,0.000001,0.000001,0.000001,723.9000,723.9000,723.9000,723.9000,723.9000,723.9000,723.9000,723.9000,723.9000,723.9000,723.9000,723.9000
5280,0,0.0000,0.0000,0.0000,0.000000,0.000000,0.000000,0.0000,0.0000,648.13,0.000001,0.000001,0.000001,0.000001,0.000001,0.000001,0.000001,0.000001,0.000001,0.000001,0.000001,0.000001,723.9000,723.9000,723.9000,723.9000,723.9000,723.9000,723.9000,723.9000,723.9000,723.9000,723.9000,723.9000
5310,0,0.0000,0.0000,0.0000,0.000000,0.000000,0.000000,0.0000,0.0000,648.13,0.000001,0.000001,0.000001,0.000001,0.000001,0.000001,0.000001,0.000001,0.000001,0.000001,0.000001,0.000001,723.9000,723.9000,723.9000,723.9000,723.9000,723.9000,723.9000,723.9000,723.9000,723.9000,723.9000,723.9000
5340,0,0.0000,0.0000,0.0000,0.000000,0.000000,0.000000,0.0000,0.0000,648.13,0.000001,0.000001,0.000001,0.000001,0.000001,0.000001,0.000001,0.000001,0.000001,0.000001,0.000001,0.000001,723.9000,723.9000,723.9000,723.9000,723.9000,723.9000,723.9000,723.9000,723.9000,723.9000,723.9000,723.9000
5370,0,0.0000,0.0000,0.0000,0.000000,0.000000,0.000000,0.0000,0.0000,648.13,0.000001,0.000001,0.000001,0.000001,0.000001,0.000001,0.000001,0.000001,0.000001,0.000001,0.000001,0.000001,723.9000,723.9000,723.9000,723.9000,723.9000,723.9000,723.9000,723.9000,723.9000,723.9000,723.9000,723.9000
5400,0,0.0000,0.0000,0.0000,0.000000,0.000000,0.000000,0.0000,0.0000,648.13,0.000001,0.000001,0.000001,0.000001,0.000001,0.000001,0.000001,0.000001,0.000001,0.000001,0.000001,0.000001,723.9000,723.9000,723.9000,723.9000,723.9000,723.9000,723.9000,723.9000,723.9000,723.9000,723.9000,723.9000
5430,0,0.0000,0.0000,0.0000,0.000000,0.000000,0.000000,0.0000,0.0000,648.13,0.000001,0.000001,0.000001,0.000001,0.000001,0.000001,0.000001,0.000001,0.000001,0.000001,0.000001,0.000001,723.9000,723.9000,723.9000,723.9000,723.9000,723.9000,723.9000,723.9000,723.9000,723.9000,723.9000,723.9000
5460,0,0.0000,0.0000,0.0000,0.000000,0.000000,0.000000,0.0000,0.0000,648.13,0.000001,0.000001,0.000001,0.000001,0.000001,0.000001,0.000001,0.000001,0.000001,0.000001,0.000001,0.000001,723.9000,723.9000,723.9000,723.9000,723.9000,723.9000,723.9000,723.9000,723.9000,723.9000,723.9000,723.9000
5490,0,0.0000,0.0000,0.0000,0.000000,0.000000,0.000000,0.0000,0.0000,648.13,0.000001,0.000001,0.000001,0.000001,0.000001,0.000001,0.000001,0.000001,0.000001,0.000001,0.000001,0.000001,723.9000,723.9000,723.9000,723.9000,723.9000,723.9000,723.9000,723.9000,723.9000,723.9000,723.9000,723.9000
5520,0,0.0000,0.0000,0.0000,0.000000,0.000000,0.000000,0.0000,0.0000,648.13,0.000001,0.000001,0.000001,0.000001,0.000001,0.000001,0.000001,0.000001,0.000001,0.000001,0.000001,0.000001,723.9000,723.9000,723.9000,723.9000,723.9000,723.9000,723.9000,723.9000,723.9000,723.9000,723.9000,723.9000
5550,0,0.0000,0.0000,0.0000,0.000000,0.000000,0.000000,0.0000,0.0000,648.13,0.000001,0.000001,0.000001,0.000001,0.000001,0.000001,0.000001,0.000001,0.000001,0.000001,0.000001,0.000001,723.9000,723.9000,723.9000,723.9000,723.9000,723.9000,723.9000,723.9000,723.9000,723.9000,723.9000,723.9000
5580,0,0.0000,0.0000,0.0000,0.000000,0.000000,0.000000,0.0000,0.0000,648.13,0.000001,0.000001,0.000001,0.000001,0.000001,0.000001,0.000001,0.000001,0.000001,0.000001,0.000001,0.000001,723.9000,723.9000,723.9000,723.9000,723.9000,723.9000,723.9000,723.9000,723.9000,723.9000,723.9000,723.9000
5610,0,0.0000,0.0000,0.0000,0.000000,0.000000,0.000000,0.0000,0.0000,648.13,0.000001,0.000001,0.000001,0.000001,0.000001,0.000001,0.000001,0.000001,0.000001,0.000001,0.000001,0.000001,723.9000,723.9000,723.9000,723.9000,723.9000,723.9000,723.9000,723.9000,723.9000,723.9000,723.9000,723.9000
5640,0,0.0000,0.0000,0.0000,0.000000,0.000000,0.000000,0.0000,0.0000,648.13,0.000001,0.000001,0.000001,0.000001,0.000001,0.000001,0.000001,0.000001,0.000001,0.000001,0.000001,0.000001,723.9000,723.9000,723.9000,723.9000,723.9000,723.9000,723.9000,723.9000,723.9000,723.9000,723.9000,723.9000
5670,0,0.0000,0.0000,0.0000,0.000000,0.000000,0.000000,0.0000,0.0000,648.13,0.000001,0.000001,0.000001,0.000001,0.000001,0.000001,0.000001,0.000001,0.000001,0.000001,0.000001,0.000001,723.9000,723.9000,723.9000,723.9000,723.9000,723.9000,723.9000,723.9000,723.9000,723.9000,723.9000,723.9000
5700,0,0.0000,0.0000,0.0000,0.000000,0.000000,0.000000,0.0000,0.0000,648.13,0.000001,0.000001,0.000001,0.000001,0.000001,0.000001,0.000001,0.000001,0.000001,0.000001,0.000001,0.000001,723.9000,723.9000,723.9000,723.9000,723.9000,723.9000,723.9000,723.9000,723.9000,723.9000,723.9000,723.9000
5730,0,0.0000,0.0000,0.0000,0.000000,0.000000,0.000000,0.0000,0.0000,648.13,0.000001,0.000001,0.000001,0.000001,0.000001,0.000001,0.000001,0.000001,0.000001,0.000001,0.000001,0.000001,723.9000,723.9000,723.9000,723.9000,723.9000,723.9000,723.9000,723.9000,723.9000,723.9000,723.9000,723.9000
5760,0,0.0000,0.0000,0.0000,0.000000,0.000000,0.000000,0.0000,0.0000,648.13,0.000001,0.000001,0.000001,0.000001,0.000001,0.000001,0.000001,0.000001,0.000001,0.000001,0.000001,0.000001,723.9000,723.9000,723.9000,723.9000,723.9000,723.9000,723.9000,723.9000,723.9000,723.9000,723.9000,723.9000
5790,0,0.0000,0.0000,0.0000,0.000000,0.000000,0.000000,0.0000,0.0000,648.13,0.000001,0.000001,0.000001,0.000001,0.000001,0.000001,0.000001,0.000001,0.000001,0.000001,0.000001,0.000001,723.9000,723.9000,723.9000,723.9000,723.9000,723.9000,723.9000,723.9000,723.9000,723.9000,723.9000,723.9000
5820,0,0.0000,0.0000,0.0000,0.000000,0.000000,0.000000,0.0000,0.0000,648.13,0.000001,0.000001,0.000001,0.000001,0.000001,0.000001,0.000001,0.000001,0.000001,0.000001,0.000001,0.000001,723.9000,723.9000,723.9000,723.9000,723.9000,723.9000,723.9000,723.9000,723.9000,723.9000,723.9000,723.9000
5850,0,0.0000,0.0000,0.0000,0.000000,0.000000,0.000000,0.0000,0.0000,648.13,0.000001,0.000001,0.000001,0.000001,0.000001,0.000001,0.000001,0.000001,0.000001,0.000001,0.000001,0.000001,723.9000,723.9000,723.9000,723.9000,723.9000,723.9000,723.9000,723.9000,723.9000,723.9000,723.9000,723.9000
5880,0,0.0000,0.0000,0.0000,0.000000,0.000000,0.000000,0.0000,0.0000,648.13,0.000001,0.000001,0.000001,0.000001,0.000001,0.000001,0.000001,0.000001,0.000001,0.000001,0.000001,0.000001,723.9000,723.9000,723.9000,723.9000,723.9000,723.9000,723.9000,723.9000,723.9000,723.9000,723.9000,723.9000
5910,0,0.0000,0.0000,0.0000,0.000000,0.000000,0.000000,0.0000,0.0000,648.13,0.000001,0.000001,0.000001,0.000001,0.000001,0.000001,0.000001,0.000001,0.000001,0.000001,0.000001,0.000001,723.9000,723.9000,723.9000,723.9000,723.9000,723.9000,723.9000,723.9000,723.9000,723.9000,723.9000,723.9000
5940,0,0.0000,0.0000,0.0000,0.000000,0.000000,0.000000,0.0000,0.0000,648.13,0.000001,0.000001,0.000001,0.000001,0.000001,0.000001,0.000001,0.000001,0.000001,0.000001,0.000001,0.000001,723.9000,723.9000,723.9000,723.9000,723.9000,723.9000,723.9000,723.9000,723.9000,723.9000,723.9000,723.9000
5970,0,0.0000,0.0000,0.0000,0.000000,0.000000,0.000000,0.0000,0.0000,648.13,0.000001,0.000001,0.000001,0.000001,0.000001,0.000001,0.000001,0.000001,0.000001,0.000001,0.000001,0.000001,723.9000,723.9000,723.9000,723.9000,723.9000,723.9000,723.9000,723.9000,723.9000,723.9000,723.9000,723.9000
6000,0,0.0000,0.0000,0.0000,0.000000,0.000000,0.000000,0.0000,0.0000,648.13,0.000001,0.000001,0.000001,0.000001,0.000001,0.000001,0.000001,0.000001,0.000001,0.000001,0.000001,0.000001,723.9000,723.9000,723.9000,723.9000,723.9000,723.9000,723.9000,723.9000,723.9000,723.9000,723.9000,723.9000
6030,0,0.0000,0.0000,0.0000,0.000000,0.000000,0.000000,0.0000,0.0000,648.13,0.000001,0.000001,0.000001,0.000001,0.000001,0.000001,0.000001,0.000001,0.000001,0.000001,0.000001,0.000001,723.9000,723.9000,723.9000,723.9000,723.9000,723.9000,723.9000,723.9000,723.9000,723.9000,723.9000,723.9000
6060,0,0.0000,0.0000,0.0000,0.000000,0.000000,0.000000,0.0000,0.0000,648.13,0.000001,0.000001,0.000001,0.000001,0.000001,0.000001,0.000001,0.000001,0.000001,0.000001,0.000001,0.000001,723.9000,723.9000,723.9000,723.9000,723.9000,723.9000,723.9000,723.9000,723.9000,723.9000,723.9000,723.9000
6090,0,0.0000,0.0000,0.0000,0.000000,0.000000,0.000000,0.0000,0.0000,648.13,0.000001,0.000001,0.000001,0.000001,0.000001,0.000001,0.000001,0.000001,0.000001,0.000001,0.000001,0.000001,723.9000,723.9000,723.9000,723.9000,723.9000,723.9000,723.9000,723.9000,723.9000,723.9000,723.9000,723.9000
6120,0,0.0000,0.0000,0.0000,0.000000,0.000000,0.000000,0.0000,0.0000,648.13,0.000001,0.000001,0.000001,0.000001,0.000001,0.000001,0.000001,0.000001,0.000001,0.000001,0.000001,0.000001,723.9000,723.9000,723.9000,723.9000,723.9000,723.9000,723.9000,723.9000,723.9000,723.9000,723.9000,723.9000
6150,0,0.0000,0.0000,0.0000,0.000000,0.000000,0.000000,0.0000,0.0000,648.13,0.000001,0.000001,0.000001,0.000001,0.000001,0.000001,0.000001,0.000001,0.000001,0.000001,0.000001,0.000001,723.9000,723.9000,723.9000,723.9000,723.9000,723.9000,723.9000,723.9000,723.9000,723.9000,723.9000,723.9000
6180,0,0.0000,0.0000,0.0000,0.000000,0.000000,0.000000,0.0000,0.0000,648.13,0.000001,0.000001,0.000001,0.000001,0.000001,0.000001,0.000001,0.000001,0.000001,0.000001,0.000001,0.000001,723.9000,723.9000,723.9000,723.9000,723.9000,723.9000,723.9000,723.9000,723.9000,723.9000,723.9000,723.9000
6210,0,0.0000,0.0000,0.0000,0.000000,0.000000,0.000000,0.0000,0.0000,648.13,0.000001,0.000001,0.000001,0.000001,0.000001,0.000001,0.000001,0.000001,0.000001,0.000001,0.000001,0.000001,723.9000,723.9000,723.9000,723.9000,723.9000,723.9000,723.9000,723.9000,723.9000,723.9000,723.9000,723.9000
6240,0,0.0000,0.0000,0.0000,0.000000,0.000000,0.000000,0.0000,0.0000,648.13,0.000001,0.000001,0.000001,0.000001,0.000001,0.000001,0.000001,0.000001,0.000001,0.000001,0.000001,0.000001,723.9000,723.9000,723.9000,723.9000,723.9000,723.9000,723.9000,723.9000,723.9000,723.9000,723.9000,723.9000
6270,0,0.0000,0.0000,0.0000,0.000000,0.000000,0.000000,0.0000,0.0000,648.13,0.000001,0.000001,0.000001,0.000001,0.000001,0.000001,0.000001,0.000001,0.000001,0.000001,0.000001,0.000001,723.9000,723.9000,723.9000,723.9000,723.9000,723.9000,723.9000,723.9000,723.9000,723.9000,723.9000,723.9000
6300,0,0.0000,0.0000,0.0000,0.000000,0.000000,0.000000,0.0000,0.0000,648.13,0.000001,0.000001,0.000001,0.000001,0.000001,0.000001,0.000001,0.000001,0.000001,0.000001,0.000001,0.000001,723.9000,723.9000,723.9000,723.9000,723.9000,723.9000,723.9000,723.9000,723.9000,723.9000,723.9000,723.9000
6330,0,0.0000,0.0000,0.0000,0.000000,0.000000,0.000000,0.0000,0.0000,648.13,0.000001,0.000001,0.000001,0.000001,0.000001,0.000001,0.000001,0.000001,0.000001,0.000001,0.000001,0.000001,723.9000,723.9000,723.9000,723.9000,723.9000,723.9000,723.9000,723.9000,723.9000,723.9000,723.9000,723.9000
6360,0,0.0000,0.0000,0.0000,0.000000,0.000000,0.000000,0.0000,0.0000,648.13,0.000001,0.000001,0.000001,0.000001,0.000001,0.000001,0.000001,0.000001,0.000001,0.000001,0.000001,0.000001,723.9000,723.9000,723.9000,723.9000,723.9000,723.9000,723.9000,723.9000,723.9000,723.9000,723.9000,723.9000
6390,0,0.0000,0.0000,0.0000,0.000000,0.000000,0.000000,0.0000,0.0000,648.13,0.000001,0.000001,0.000001,0.000001,0.000001,0.000001,0.000001,0.000001,0.000001,0.000001,0.000001,0.000001,723.9000,723.9000,723.9000,723.9000,723.9000,723.9000,723.9000,723.9000,723.9000,723.9000,723.9000,723.9000
6420,0,0.0000,0.0000,0.0000,0.000000,0.000000,0.000000,0.0000,0.0000,648.13,0.000001,0.000001,0.000001,0.000001,0.000001,0.000001,0.000001,0.000001,0.000001,0.000001,0.000001,0.000001,723.9000,723.9000,723.9000,723.9000,723.9000,723.9000,723.9000,723.9000,723.9000,723.9000,723.9000,723.9000
6450,0,0.0000,0.0000,0.0000,0.000000,0.000000,0.000000,0.0000,0.0000,648.13,0.000001,0.000001,0.000001,0.000001,0.000001,0.000001,0.000001,0.000001,0.000001,0.000001,0.000001,0.000001,723.9000,723.9000,723.9000,723.9000,723.9000,723.9000,723.9000,723.9000,723.9000,723.9000,723.9000,723.9000
6480,0,0.0000,0.0000,0.0000,0.000000,0.000000,0.000000,0.0000,0.0000,648.13,0.000001,0.000001,0.000001,0.000001,0.000001,0.000001,0.000001,0.000001,0.000001,0.000001,0.000001,0.000001,723.9000,723.9000,723.9000,723.9000,723.9000,723.9000,723.9000,723.9000,723.9000,723.9000,723.9000,723.9000
6510,0,0.0000,0.0000,0.0000,0.000000,0.000000,0.000000,0.0000,0.0000,648.13,0.000001,0.000001,0.000001,0.000001,0.000001,0.000001,0.000001,0.000001,0.000001,0.000001,0.000001,0.000001,723.9000,723.9000,723.9000,723.9000,723.9000,723.9000,723.9000,723.9000,723.9000,723.9000,723.9000,723.9000
6540,0,0.0000,0.0000,0.0000,0.000000,0.000000,0.000000,0.0000,0.0000,648.13,0.000001,0.000001,0.000001,0.000001,0.000001,0.000001,0.000001,0.000001,0.000001,0.000001,0.000001,0.000001,723.9000,723.9000,723.9000,723.9000,723.9000,723.9000,723.9000,723.9000,723.9000,723.9000,723.9000,723.9000
6570,0,0.0000,0.0000,0.0000,0.000000,0.000000,0.000000,0.0000,0.0000,648.13,0.000001,0.000001,0.000001,0.000001,0.000001,0.000001,0.000001,0.000001,0.000001,0.000001,0.000001,0.000001,723.9000,723.9000,723.9000,723.9000,723.9000,723.9000,723.9000,723.9000,723.9000,723.9000,723.9000,723.9000
6600,0,0.0000,0.0000,0.0000,0.000000,0.000000,0.000000,0.0000,0.0000,648.13,0.000001,0.000001,0.000001,0.000001,0.000001,0.000001,0.000001,0.000001,0.000001,0.000001,0.000001,0.000001,723.9000,723.9000,723.9000,723.9000,723.9000,723.9000,723.9000,723.9000,723.9000,723.9000,723.9000,723.9000
6630,0,0.0000,0.0000,0.0000,0.000000,0.000000,0.000000,0.0000,0.0000,648.13,0.000001,0.000001,0.000001,0.000001,0.000001,0.000001,0.000001,0.000001,0.000001,0.000001,0.000001,0.000001,723.9000,723.9000,723.9000,723.9000,723.9000,723.9000,723.9000,723.9000,723.9000,723.9000,723.9000,723.9000
6660,0,0.0000,0.0000,0.0000,0.000000,0.000000,0.000000,0.0000,0.0000,648.13,0.000001,0.000001,0.000001,0.000001,0.000001,0.000001,0.000001,0.000001,0.000001,0.000001,0.000001,0.000001,723.9000,723.9000,723.9000,723.9000,723.9000,723.9000,723.9000,723.9000,723.9000,723.9000,723.9000,723.9000
6690,0,0.0000,0.0000,0.0000,0.000000,0.000000,0.000000,0.0000,0.0000,648.13,0.000001,0.000001,0.000001,0.000001,0.000001,0.000001,0.000001,0.000001,0.000001,0.000001,0.000001,0.000001,723.9000,723.9000,723.9000,723.9000,723.9000,723.9000,723.9000,723.9000,723.9000,723.9000,723.9000,723.9000
6720,0,0.0000,0.0000,0.0000,0.000000,0.000000,0.000000,0.0000,0.0000,648.13,0.000001,0.000001,0.000001,0.000001,0.000001,0.000001,0.000001,0.000001,0.000001,0.000001,0.000001,0.000001,723.9000,723.9000,723.9000,723.9000,723.9000,723.9000,723.9000,723.9000,723.9000,723.9000,723.9000,723.9000
6750,0,0.0000,0.0000,0.0000,0.000000,0.000000,0.000000,0.0000,0.0000,648.13,0.000001,0.000001,0.000001,0.000001,0.000001,0.000001,0.000001,0.000001,0.000001,0.000001,0.000001,0.000001,723.9000,723.9000,723.9000,723.9000,723.9000,723.9000,723.9000,723.9000,723.9000,723.9000,723.9000,723.9000
6780,0,0.0000,0.0000,0.0000,0.000000,0.000000,0.000000,0.0000,0.0000,648.13,0.000001,0.000001,0.000001,0.000001,0.000001,0.000001,0.000001,0.000001,0.000001,0.000001,0.000001,0.000001,723.9000,723.9000,723.9000,723.9000,723.9000,723.9000,723.9000,723.9000,723.9000,723.9000,723.9000,723.9000
6810,0,0.0000,0.0000,0.0000,0.000000,0.000000,0.000000,0.0000,0.0000,648.13,0.000001,0.000001,0.000001,0.000001,0.000001,0.000001,0.000001,0.000001,0.000001,0.000001,0.000001,0.000001,723.9000,723.9000,723.9000,723.9000,723.9000,723.9000,723.9000,723.9000,723.9000,723.9000,723.9000,723.9000
6840,0,0.0000,0.0000,0.0000,0.000000,0.000000,0.000000,0.0000,0.0000,648.13,0.000001,0.000001,0.000001,0.000001,0.000001,0.000001,0.000001,0.000001,0.000001,0.000001,0.000001,0.000001,723.9000,723.9000,723.9000,723.9000,723.9000,723.9000,723.9000,723.9000,723.9000,723.9000,723.9000,723.9000
6870,0,0.0000,0.0000,0.0000,0.000000,0.000000,0.000000,0.0000,0.0000,648.13,0.000001,0.000001,0.000001,0.000001,0.000001,0.000001,0.000001,0.000001,0.000001,0.000001,0.000001,0.000001,723.9000,723.9000,723.9000,723.9000,723.9000,723.9000,723.9000,723.9000,723.9000,723.9000,723.9000,723.9000
6900,0,0.0000,0.0000,0.0000,0.000000,0.000000,0.000000,0.0000,0.0000,648.13,0.000001,0.000001,0.000001,0.000001,0.000001,0.000001,0.000001,0.000001,0.000001,0.000001,0.000001,0.000001,723.9000,723.9000,723.9000,723.9000,723.9000,723.9000,723.9000,723.9000,723.9000,723.9000,723.9000,723.9000
6930,0,0.0000,0.0000,0.0000,0.000000,0.000000,0.000000,0.0000,0.0000,648.13,0.000001,0.000001,0.000001,0.000001,0.000001,0.000001,0.000001,0.000001,0.000001,0.000001,0.000001,0.000001,723.9000,723.9000,723.9000,723.9000,723.9000,723.9000,723.9000,723.9000,723.9000,723.9000,723.9000,723.9000
6960,0,0.0000,0.0000,0.0000,0.000000,0.000000,0.000000,0.0000,0.0000,648.13,0.000001,0.000001,0.000001,0.000001,0.000001,0.000001,0.000001,0.000001,0.000001,0.000001,0.000001,0.000001,723.9000,723.9000,723.9000,723.9000,723.9000,723.9000,723.9000,723.9000,723.9000,723.9000,723.9000,723.9000
6990,0,0.0000,0.0000,0.0000,0.000000,0.000000,0.000000,0.0000,0.0000,648.13,0.000001,0.000001,0.000001,0.000001,0.000001,0.000001,0.000001,0.000001,0.000001,0.000001,0.000001,0.000001,723.9000,723.9000,723.9000,723.9000,723.9000,723.9000,723.9000,723.9000,723.9000,723.9000,723.9000,723.9000
7020,0,0.0000,0.0000,0.0000,0.000000,0.000000,0.000000,0.0000,0.0000,648.13,0.000001,0.000001,0.000001,0.000001,0.000001,0.000001,0.000001,0.000001,0.000001,0.000001,0.000001,0.000001,723.9000,723.9000,723.9000,723.9000,723.9000,723.9000,723.9000,723.9000,723.9000,723.9000,723.9000,723.9000
7050,0,0.0000,0.0000,0.0000,0.000000,0.000000,0.000000,0.0000,0.0000,648.13,0.000001,0.000001,0.000001,0.000001,0.000001,0.000001,0.000001,0.000001,0.000001,0.000001,0.000001,0.000001,723.9000,723.9000,723.9000,723.9000,723.9000,723.9000,723.9000,723.9000,723.9000,723.9000,723.9000,723.9000
7080,0,0.0000,0.0000,0.0000,0.000000,0.000000,0.000000,0.0000,0.0000,648.13,0.000001,0.000001,0.000001,0.000001,0.000001,0.000001,0.000001,0.000001,0.000001,0.000001,0.000001,0.000001,723.9000,723.9000,723.9000,723.9000,723.9000,723.9000,723.9000,723.9000,723.9000,723.9000,723.9000,723.9000
7110,0,0.0000,0.0000,0.0000,0.000000,0.000000,0.000000,0.0000,0.0000,648.13,0.000001,0.000001,0.000001,0.000001,0.000001,0.000001,0.000001,0.000001,0.000001,0.000001,0.000001,0.000001,723.9000,723.9000,723.9000,723.9000,723.9000,723.9000,723.9000,723.9000,723.9000,723.9000,723.9000,723.9000
7140,0,0.0000,0.0000,0.0000,0.000000,0.000000,0.000000,0.0000,0.0000,648.13,0.000001,0.000001,0.000001,0.000001,0.000001,0.000001,0.000001,0.000001,0.000001,0.000001,0.000001,0.000001,723.9000,723.9000,723.9000,723.9000,723.9000,723.9000,723.9000,723.9000,723.9000,723.9000,723.9000,723.9000
7170,0,0.0000,0.0000,0.0000,0.000000,0.000000,0.000000,0.0000,0.0000,648.13,0.000001,0.000001,0.000001,0.000001,0.000001,0.000001,0.000001,0.000001,0.000001,0.000001,0.000001,0.000001,723.9000,723.9000,723.9000,723.9000,723.9000,723.9000,723.9000,723.9000,723.9000,723.9000,723.9000,723.9000
7200,0,0.0000,0.0000,0.0000,0.000000,0.000000,0.000000,0.0000,0.0000,648.13,0.000001,0.000001,0.000001,0.000001,0.000001,0.000001,0.000001,0.000001,0.000001,0.000001,0.000001,0.000001,723.9000,723.9000,723.9000,723.9000,723.9000,723.9000,723.9000,723.9000,723.9000,723.9000,723.9000,723.9000
7230,0,0.0000,0.0000,0.0000,0.000000,0.000000,0.000000,0.0000,0.0000,648.13,0.000001,0.000001,0.000001,0.000001,0.000001,0.000001,0.000001,0.000001,0.000001,0.000001,0.000001,0.000001,723.9000,723.9000,723.9000,723.9000,723.9000,723.9000,723.9000,723.9000,723.9000,723.9000,723.9000,723.9000
7260,0,0.0000,0.0000,0.0000,0.000000,0.000000,0.000000,0.0000,0.0000,648.13,0.000001,0.000001,0.000001,0.000001,0.000001,0.000001,0.000001,0.000001,0.000001,0.000001,0.000001,0.000001,723.9000,723.9000,723.9000,723.9000,723.9000,723.9000,723.9000,723.9000,723.9000,723.9000,723.9000,723.9000
7290,0,0.0000,0.0000,0.0000,0.000000,0.000000,0.000000,0.0000,0.0000,648.13,0.000001,0.000001,0.000001,0.000001,0.000001,0.000001,0.000001,0.000001,0.000001,0.000001,0.000001,0.000001,723.9000,723.9000,723.9000,723.9000,723.9000,723.9000,723.9000,723.9000,723.9000,723.9000,723.9000,723.9000
7320,0,0.0000,0.0000,0.0000,0.000000,0.000000,0.000000,0.0000,0.0000,648.13,0.000001,0.000001,0.000001,0.000001,0.000001,0.000001,0.000001,0.000001,0.000001,0.000001,0.000001,0.000001,723.9000,723.9000,723.9000,723.9000,723.9000,723.9000,723.9000,723.9000,723.9000,723.9000,723.9000,723.9000
7350,0,0.0000,0.0000,0.0000,0.000000,0.000000,0.000000,0.0000,0.0000,648.13,0.000001,0.000001,0.000001,0.000001,0.000001,0.000001,0.000001,0.000001,0.000001,0.000001,0.000001,0.000001,723.9000,723.9000,723.9000,723.9000,723.9000,723.9000,723.9000,723.9000,723.9000,723.9000,723.9000,723.9000
7380,0,0.0000,0.0000,0.0000,0.000000,0.000000,0.000000,0.0000,0.0000,648.13,0.000001,0.000001,0.000001,0.000001,0.000001,0.000001,0.000001,0.000001,0.000001,0.000001,0.000001,0.000001,723.9000,723.9000,723.9000,723.9000,723.9000,723.9000,723.9000,723.9000,723.9000,723.9000,723.9000,723.9000
7410,0,0.0000,0.0000,0.0000,0.000000,0.000000,0.000000,0.0000,0.0000,648.13,0.000001,0.000001,0.000001,0.000001,0.000001,0.000001,0.000001,0.000001,0.000001,0.000001,0.000001,0.000001,723.9000,723.9000,723.9000,723.9000,723.9000,723.9000,723.9000,723.9000,723.9000,723.9000,723.9000,723.9000
7440,0,0.0000,0.0000,0.0000,0.000000,0.000000,0.000000,0.0000,0.0000,648.13,0.000001,0.000001,0.000001,0.000001,0.000001,0.000001,0.000001,0.000001,0.000001,0.000001,0.000001,0.000001,723.9000,723.9000,723.9000,723.9000,723.9000,723.9000,723.9000,723.9000,723.9000,723.9000,723.9000,723.9000
7470,0,0.0000,0.0000,0.0000,0.000000,0.000000,0.000000,0.0000,0.0000,648.13,0.000001,0.000001,0.000001,0.000001,0.000001,0.000001,0.000001,0.000001,0.000001,0.000001,0.000001,0.000001,723.9000,723.9000,723.9000,723.9000,723.9000,723.9000,723.9000,723.9000,723.9000,723.9000,723.9000,723.9000
7500,0,0.0000,0.0000,0.0000,0.000000,0.000000,0.000000,0.0000,0.0000,648.13,0.000001,0.000001,0.000001,0.000001,0.000001,0.000001,0.000001,0.000001,0.000001,0.000001,0.000001,0.000001,723.9000,723.9000,723.9000,723.9000,723.9000,723.9000,723.9000,723.9000,723.9000,723.9000,723.9000,723.9000
7530,0,0.0000,0.0000,0.0000,0.000000,0.000000,0.000000,0.0000,0.0000,648.13,0.000001,0.000001,0.000001,0.000001,0.000001,0.000001,0.000001,0.000001,0.000001,0.000001,0.000001,0.000001,723.9000,723.9000,723.9000,723.9000,723.9000,723.9000,723.9000,723.9000,723.9000,723.9000,723.9000,723.9000
7560,0,0.0000,0.0000,0.0000,0.000000,0.000000,0.000000,0.0000,0.0000,648.13,0.000001,0.000001,0.000001,0.000001,0.000001,0.000001,0.000001,0.000001,0.000001,0.000001,0.000001,0.000001,723.9000,723.9000,723.9000,723.9000,723.9000,723.9000,723.9000,723.9000,723.9000,723.9000,723.9000,723.9000
7590,0,0.0000,0.0000,0.0000,0.000000,0.000000,0.000000,0.0000,0.0000,648.13,0.000001,0.000001,0.000001,0.000001,0.000001,0.000001,0.000001,0.000001,0.000001,0.000001,0.000001,0.000001,723.9000,723.9000,723.9000,723.9000,723.9000,723.9000,723.9000,723.9000,723.9000,723.9000,723.9000,723.9000
7620,0,0.0000,0.0000,0.0000,0.000000,0.000000,0.000000,0.0000,0.0000,648.13,0.000001,0.000001,0.000001,0.000001,0.000001,0.000001,0.000001,0.000001,0.000001,0.000001,0.000001,0.000001,723.9000,723.9000,723.9000,723.9000,723.9000,723.9000,723.9000,723.9000,723.9000,723.9000,723.9000,723.9000
7650,0,0.0000,0.0000,0.0000,0.000000,0.000000,0.000000,0.0000,0.0000,648.13,0.000001,0.000001,0.000001,0.000001,0.000001,0.000001,0.000001,0.000001,0.000001,0.000001,0.000001,0.000001,723.9000,723.9000,723.9000,723.9000,723.9000,723.9000,723.9000,723.9000,723.9000,723.9000,723.9000,723.9000
7680,0,0.0000,0.0000,0.0000,0.000000,0.000000,0.000000,0.0000,0.0000,648.13,0.000001,0.000001,0.000001,0.000001,0.000001,0.000001,0.000001,0.000001,0.000001,0.000001,0.000001,0.000001,723.9000,723.9000,723.9000,723.9000,723.9000,723.9000,723.9000,723.9000,723.9000,723.9000,723.9000,723.9000
7710,0,0.0000,0.0000,0.0000,0.000000,0.000000,0.000000,0.0000,0.0000,648.13,0.000001,0.000001,0.000001,0.000001,0.000001,0.000001,0.000001,0.000001,0.000001,0.000001,0.000001,0.000001,723.9000,723.9000,723.9000,723.9000,723.9000,723.9000,723.9000,723.9000,723.9000,723.9000,723.9000,723.9000
7740,0,0.0000,0.0000,0.0000,0.000000,0.000000,0.000000,0.0000,0.0000,648.13,0.000001,0.000001,0.000001,0.000001,0.000001,0.000001,0.000001,0.000001,0.000001,0.000001,0.000001,0.000001,723.9000,723.9000,723.9000,723.9000,723.9000,723.9000,723.9000,723.9000,723.9000,723.9000,723.9000,723.9000
7770,0,0.0000,0.0000,0.0000,0.000000,0.000000,0.000000,0.0000,0.0000,648.13,0.000001,0.000001,0.000001,0.000001,0.000001,0.000001,0.000001,0.000001,0.000001,0.000001,0.000001,0.000001,723.9000,723.9000,723.9000,723.9000,723.9000,723.9000,723.9000,723.9000,723.9000,723.9000,723.9000,723.9000
7800,0,0.0000,0.0000,0.0000,0.000000,0.000000,0.000000,0.0000,0.0000,648.13,0.000001,0.000001,0.000001,0.000001,0.000001,0.000001,0.000001,0.000001,0.000001,0.000001,0.000001,0.000001,723.9000,723.9000,723.9000,723.9000,723.9000,723.9000,723.9000,723.9000,723.9000,723.9000,723.9000,723.9000
7830,0,0.0000,0.0000,0.0000,0.000000,0.000000,0.000000,0.0000,0.0000,648.13,0.000001,0.000001,0.000001,0.000001,0.000001,0.000001,0.000001,0.000001,0.000001,0.000001,0.000001,0.000001,723.9000,723.9000,723.9000,723.9000,723.9000,723.9000,723.9000,723.9000,723.9000,723.9000,723.9000,723.9000
7860,0,0.0000,0.0000,0.0000,0.000000,0.000000,0.000000,0.0000,0.0000,648.13,0.000001,0.000001,0.000001,0.000001,0.000001,0.000001,0.000001,0.000001,0.000001,0.000001,0.000001,0.000001,723.9000,723.9000,723.9000,723.9000,723.9000,723.9000,723.9000,723.9000,723.9000,723.9000,723.9000,723.9000
7890,0,0.0000,0.0000,0.0000,0.000000,0.000000,0.000000,0.0000,0.0000,648.13,0.000001,0.000001,0.000001,0.000001,0.000001,0.000001,0.000001,0.000001,0.000001,0.000001,0.000001,0.000001,723.9000,723.9000,723.9000,723.9000,723.9000,723.9000,723.9000,723.9000,723.9000,723.9000,723.9000,723.9000
7920,0,0.0000,0.0000,0.0000,0.000000,0.000000,0.000000,0.0000,0.0000,648.13,0.000001,0.000001,0.000001,0.000001,0.000001,0.000001,0.000001,0.000001,0.000001,0.000001,0.000001,0.000001,723.9000,723.9000,723.9000,723.9000,723.9000,723.9000,723.9000,723.9000,723.9000,723.9000,723.9000,723.9000
7950,0,0.0000,0.0000,0.0000,0.000000,0.000000,0.000000,0.0000,0.0000,648.13,0.000001,0.000001,0.000001,0.000001,0.000001,0.000001,0.000001,0.000001,0.000001,0.000001,0.000001,0.000001,723.9000,723.9000,723.9000,723.9000,723.9000,723.9000,723.9000,723.9000,723.9000,723.9000,723.9000,723.9000
7980,0,0.0000,0.0000,0.0000,0.000000,0.000000,0.000000,0.0000,0.0000,648.13,0.000001,0.000001,0.000001,0.000001,0.000001,0.000001,0.000001,0.000001,0.000001,0.000001,0.000001,0.000001,723.9000,723.9000,723.9000,723.9000,723.9000,723.9000,723.9000,723.9000,723.9000,723.9000,723.9000,723.9000
8010,0,0.0000,0.0000,0.0000,0.000000,0.000000,0.000000,0.0000,0.0000,648.13,0.000001,0.000001,0.000001,0.000001,0.000001,0.000001,0.000001,0.000001,0.000001,0.000001,0.000001,0.000001,723.9000,723.9000,723.9000,723.9000,723.9000,723.9000,723.9000,723.9000,723.9000,723.9000,723.9000,723.9000
8040,0,0.0000,0.0000,0.0000,0.000000,0.000000,0.000000,0.0000,0.0000,648.13,0.000001,0.000001,0.000001,0.000001,0.000001,0.000001,0.000001,0.000001,0.000001,0.000001,0.000001,0.000001,723.9000,723.9000,723.9000,723.9000,723.9000,723.9000,723.9000,723.9000,723.9000,723.9000,723.9000,723.9000
8070,0,0.0000,0.0000,0.0000,0.000000,0.000000,0.000000,0.0000,0.0000,648.13,0.000001,0.000001,0.000001,0.000001,0.000001,0.000001,0.000001,0.000001,0.000001,0.000001,0.000001,0.000001,723.9000,723.9000,723.9000,723.9000,723.9000,723.9000,723.9000,723.9000,723.9000,723.9000,723.9000,723.9000
8100,0,0.0000,0.0000,0.0000,0.000000,0.000000,0.000000,0.0000,0.0000,648.13,0.000001,0.000001,0.000001,0.000001,0.000001,0.000001,0.000001,0.000001,0.000001,0.000001,0.000001,0.000001,723.9000,723.9000,723.9000,723.9000,723.9000,723.9000,723.9000,723.9000,723.9000,723.9000,723.9000,723.9000
8130,0,0.0000,0.0000,0.0000,0.000000,0.000000,0.000000,0.0000,0.0000,648.13,0.000001,0.000001,0.000001,0.000001,0.000001,0.000001,0.000001,0.000001,0.000001,0.000001,0.000001,0.000001,723.9000,723.9000,723.9000,723.9000,723.9000,723.9000,723.9000,723.9000,723.9000,723.9000,723.9000,723.9000
8160,0,0.0000,0.0000,0.0000,0.000000,0.000000,0.000000,0.0000,0.0000,648.13,0.000001,0.000001,0.000001,0.000001,0.000001,0.000001,0.000001,0.000001,0.000001,0.000001,0.000001,0.000001,723.9000,723.9000,723.9000,723.9000,723.9000,723.9000,723.9000,723.9000,723.9000,723.9000,723.9000,723.9000
8190,0,0.0000,0.0000,0.0000,0.000000,0.000000,0.000000,0.0000,0.0000,648.13,0.000001,0.000001,0.000001,0.000001,0.000001,0.000001,0.000001,0.000001,0.000001,0.000001,0.000001,0.000001,723.9000,723.9000,723.9000,723.9000,723.9000,723.9000,723.9000,723.9000,723.9000,723.9000,723.9000,723.9000
8220,0,0.0000,0.0000,0.0000,0.000000,0.000000,0.000000,0.0000,0.0000,648.13,0.000001,0.000001,0.000001,0.000001,0.000001,0.000001,0.000001,0.000001,0.000001,0.000001,0.000001,0.000001,723.9000,723.9000,723.9000,723.9000,723.9000,723.9000,723.9000,723.9000,723.9000,723.9000,723.9000,723.9000
8250,0,0.0000,0.0000,0.0000,0.000000,0.000000,0.000000,0.0000,0.0000,648.13,0.000001,0.000001,0.000001,0.000001,0.000001,0.000001,0.000001,0.000001,0.000001,0.000001,0.000001,0.000001,723.9000,723.9000,723.9000,723.9000,723.9000,723.9000,723.9000,723.9000,723.9000,723.9000,723.9000,723.9000
8280,0,0.0000,0.0000,0.0000,0.000000,0.000000,0.000000,0.0000,0.0000,648.13,0.000001,0.000001,0.000001,0.000001,0.000001,0.000001,0.000001,0.000001,0.000001,0.000001,0.000001,0.000001,723.9000,723.9000,723.9000,723.9000,723.9000,723.9000,723.9000,723.9000,723.9000,723.9000,723.9000,723.9000
8310,0,0.0000,0.0000,0.0000,0.000000,0.000000,0.000000,0.0000,0.0000,648.13,0.000001,0.000001,0.000001,0.000001,0.000001,0.000001,0.000001,0.000001,0.000001,0.000001,0.000001,0.000001,723.9000,723.9000,723.9000,723.9000,723.9000,723.9000,723.9000,723.9000,723.9000,723.9000,723.9000,723.9000
8340,0,0.0000,0.0000,0.0000,0.000000,0.000000,0.000000,0.0000,0.0000,648.13,0.000001,0.000001,0.000001,0.000001,0.000001,0.000001,0.000001,0.000001,0.000001,0.000001,0.000001,0.000001,723.9000,723.9000,723.9000,723.9000,723.9000,723.9000,723.9000,723.9000,723.9000,723.9000,723.9000,723.9000
8370,0,0.0000,0.0000,0.0000,0.000000,0.000000,0.000000,0.0000,0.0000,648.13,0.000001,0.000001,0.000001,0.000001,0.000001,0.000001,0.000001,0.000001,0.000001,0.000001,0.000001,0.000001,723.9000,723.9000,723.9000,723.9000,723.9000,723.9000,723.9000,723.9000,723.9000,723.9000,723.9000,723.9000
8400,0,0.0000,0.0000,0.0000,0.000000,0.000000,0.000000,0.0000,0.0000,648.13,0.000001,0.000001,0.000001,0.000001,0.000001,0.000001,0.000001,0.000001,0.000001,0.000001,0.000001,0.000001,723.9000,723.9000,723.9000,723.9000,723.9000,723.9000,723.9000,723.9000,723.9000,723.9000,723.9000,723.9000
8430,0,0.0000,0.0000,0.0000,0.000000,0.000000,0.000000,0.0000,0.0000,648.13,0.000001,0.000001,0.000001,0.000001,0.000001,0.000001,0.000001,0.000001,0.000001,0.000001,0.000001,0.000001,723.9000,723.9000,723.9000,723.9000,723.9000,723.9000,723.9000,723.9000,723.9000,723.9000,723.9000,723.9000
8460,0,0.0000,0.0000,0.0000,0.000000,0.000000,0.000000,0.0000,0.0000,648.13,0.000001,0.000001,0.000001,0.000001,0.000001,0.000001,0.000001,0.000001,0.000001,0.000001,0.000001,0.000001,723.9000,723.9000,723.9000,723.9000,723.9000,723.9000,723.9000,723.9000,723.9000,723.9000,723.9000,723.9000
8490,0,0.0000,0.0000,0.0000,0.000000,0.000000,0.000000,0.0000,0.0000,648.13,0.000001,0.000001,0.000001,0.000001,0.000001,0.000001,0.000001,0.000001,0.000001,0.000001,0.000001,0.000001,723.9000,723.9000,723.9000,723.9000,723.9000,723.9000,723.9000,723.9000,723.9000,723.9000,723.9000,723.9000
8520,0,0.0000,0.0000,0.0000,0.000000,0.000000,0.000000,0.0000,0.0000,648.13,0.000001,0.000001,0.000001,0.000001,0.000001,0.000001,0.000001,0.000001,0.000001,0.000001,0.000001,0.000001,723.9000,723.9000,723.9000,723.9000,723.9000,723.9000,723.9000,723.9000,723.9000,723.9000,723.9000,723.9000
8550,0,0.0000,0.0000,0.0000,0.000000,0.000000,0.000000,0.0000,0.0000,648.13,0.000001,0.000001,0.000001,0.000001,0.000001,0.000001,0.000001,0.000001,0.000001,0.000001,0.000001,0.000001,723.9000,723.9000,723.9000,723.9000,723.9000,723.9000,723.9000,723.9000,723.9000,723.9000,723.9000,723.9000
8580,0,0.0000,0.0000,0.0000,0.000000,0.000000,0.000000,0.0000,0.0000,648.13,0.000001,0.000001,0.000001,0.000001,0.000001,0.000001,0.000001,0.000001,0.000001,0.000001,0.000001,0.000001,723.9000,723.9000,723.9000,723.9000,723.9000,723.9000,723.9000,723.9000,723.9000,723.9000,723.9000,723.9000
8610,0,0.0000,0.0000,0.0000,0.000000,0.000000,0.000000,0.0000,0.0000,648.13,0.000001,0.000001,0.000001,0.000001,0.000001,0.000001,0.000001,0.000001,0.000001,0.000001,0.000001,0.000001,723.9000,723.9000,723.9000,723.9000,723.9000,723.9000,723.9000,723.9000,723.9000,723.9000,723.9000,723.9000
8640,0,0.0000,0.0000,0.0000,0.000000,0.000000,0.000000,0.0000,0.0000,648.13,0.000001,0.000001,0.000001,0.000001,0.000001,0.000001,0.000001,0.000001,0.000001,0.000001,0.000001,0.000001,723.9000,723.9000,723.9000,723.9000,723.9000,723.9000,723.9000,723.9000,723.9000,723.9000,723.9000,723.9000
8670,0,0.0000,0.0000,0.0000,0.000000,0.000000,0.000000,0.0000,0.0000,648.13,0.000001,0.000001,0.000001,0.000001,0.000001,0.000001,0.000001,0.000001,0.000001,0.000001,0.000001,0.000001,723.9000,723.9000,723.9000,723.9000,723.9000,723.9000,723.9000,723.9000,723.9000,723.9000,723.9000,723.9000
8700,0,0.0000,0.0000,0.0000,0.000000,0.000000,0.000000,0.0000,0.0000,648.13,0.000001,0.000001,0.000001,0.000001,0.000001,0.000001,0.000001,0.000001,0.000001,0.000001,0.000001,0.000001,723.9000,723.9000,723.9000,723.9000,723.9000,723.9000,723.9000,723.9000,723.9000,723.9000,723.9000,723.9000
8730,0,0.0000,0.0000,0.0000,0.000000,0.000000,0.000000,0.0000,0.0000,648.13,0.000001,0.000001,0.000001,0.000001,0.000001,0.000001,0.000001,0.000001,0.000001,0.000001,0.000001,0.000001,723.9000,723.9000,723.9000,723.9000,723.9000,723.9000,723.9000,723.9000,723.9000,723.9000,723.9000,723.9000
8760,0,0.0000,0.0000,0.0000,0.000000,0.000000,0.000000,0.0000,0.0000,648.13,0.000001,0.000001,0.000001,0.000001,0.000001,0.000001,0.000001,0.000001,0.000001,0.000001,0.000001,0.000001,723.9000,723.9000,723.9000,723.9000,723.9000,723.9000,723.9000,723.9000,723.9000,723.9000,723.9000,723.9000
8790,0,0.0000,0.0000,0.0000,0.000000,0.000000,0.000000,0.0000,0.0000,648.13,0.000001,0.000001,0.000001,0.000001,0.000001,0.000001,0.000001,0.000001,0.000001,0.000001,0.000001,0.000001,723.9000,723.9000,723.9000,723.9000,723.9000,723.9000,723.9000,723.9000,723.9000,723.9000,723.9000,723.9000
8820,0,0.0000,0.0000,0.0000,0.000000,0.000000,0.000000,0.0000,0.0000,648.13,0.000001,0.000001,0.000001,0.000001,0.000001,0.000001,0.000001,0.000001,0.000001,0.000001,0.000001,0.000001,723.9000,723.9000,723.9000,723.9000,723.9000,723.9000,723.9000,723.9000,723.9000,723.9000,723.9000,723.9000
8850,0,0.0000,0.0000,0.0000,0.000000,0.000000,0.000000,0.0000,0.0000,648.13,0.000001,0.000001,0.000001,0.000001,0.000001,0.000001,0.000001,0.000001,0.000001,0.000001,0.000001,0.000001,723.9000,723.9000,723.9000,723.9000,723.9000,723.9000,723.9000,723.9000,723.9000,723.9000,723.9000,723.9000
8880,0,0.0000,0.0000,0.0000,0.000000,0.000000,0.000000,0.0000,0.0000,648.13,0.000001,0.000001,0.000001,0.000001,0.000001,0.000001,0.000001,0.000001,0.000001,0.000001,0.000001,0.000001,723.9000,723.9000,723.9000,723.9000,723.9000,723.9000,723.9000,723.9000,723.9000,723.9000,723.9000,723.9000
8910,0,0.0000,0.0000,0.0000,0.000000,0.000000,0.000000,0.0000,0.0000,648.13,0.000001,0.000001,0.000001,0.000001,0.000001,0.000001,0.000001,0.000001,0.000001,0.000001,0.000001,0.000001,723.9000,723.9000,723.9000,723.9000,723.9000,723.9000,723.9000,723.9000,723.9000,723.9000,723.9000,723.9000
8940,0,0.0000,12.0963,0.0000,0.000000,0.000000,0.000000,12.0963,0.0000,648.13,0.027161,-0.002475,-0.029190,0.030231,0.003701,-0.026083,0.027161,-0.002475,-0.029190,0.030231,0.003701,-0.026083,723.9000,723.9000,723.9000,723.9000,723.9000,723.9000,723.9000,723.9000,723.9000,723.9000,723.9000,723.9000
8970,0,0.0000,47.6922,0.0000,0.000000,0.000000,0.000000,47.6922,0.0000,648.13,0.113002,-0.002649,-0.108718,0.124877,0.021660,-0.096287,0.113002,-0.002649,-0.108718,0.124877,0.021660,-0.096287,723.9000,723.9000,723.9000,723.9000,723.9000,723.9000,723.9000,723.9000,723.9000,723.9000,723.9000,723.9000
9000,0,0.0000,95.2166,0.0000,0.000000,0.000000,0.000000,95.2166,0.0000,648.13,0.240174,0.013649,-0.198895,0.263269,0.061929,-0.173756,0.240174,0.013649,-0.198895,0.263269,0.061929,-0.173756,723.9000,723.9000,723.9000,723.9000,723.9000,723.9000,723.9000,723.9000,723.9000,723.9000,723.9000,723.9000
9030,0,0.0000,142.5167,0.0000,0.000000,0.000000,0.000000,142.5167,0.0000,648.13,0.379302,0.048469,-0.269001,0.413077,0.120244,-0.231241,0.379302,0.048469,-0.269001,0.413077,0.120244,-0.231241,723.9001,723.9000,723.9000,723.9000,723.9000,723.9000,723.9000,723.9000,723.9000,723.9000,723.9000,723.9000
9060,0,0.0000,177.7803,0.0000,0.000000,0.000000,0.000000,177.7803,0.0000,648.13,0.490308,0.086331,-0.307939,0.531894,0.175457,-0.261002,0.490308,0.086331,-0.307939,0.531894,0.175457,-0.261002,723.9000,723.9000,723.9000,723.9000,723.9000,723.9000,723.9000,723.9000,723.9000,723.9000,723.9000,723.9000
9090,0,0.0000,189.3900,0.0000,0.000000,0.000000,0.000000,189.3900,0.0000,648.13,0.528137,0.100999,-0.318240,0.572299,0.195836,-0.268351,0.528137,0.100999,-0.318240,0.572299,0.195836,-0.268351,723.9000,723.9000,723.9000,723.9000,723.9000,723.9000,723.9000,723.9000,723.9000,723.9000,723.9000,723.9000
9120,0,0.0000,189.3900,0.0000,0.000000,0.000000,0.000000,189.3900,0.0000,648.13,0.528137,0.100999,-0.318240,0.572299,0.195836,-0.268351,0.528137,0.100999,-0.318240,0.572299,0.195836,-0.268351,723.9000,723.9000,723.9000,723.9000,723.9000,723.9000,723.9000,723.9000,723.9000,723.9000,723.9000,723.9000
9150,0,0.0000,189.3900,0.0000,0.000000,0.000000,0.000000,189.3900,0.0000,648.13,0.528137,0.100999,-0.318240,0.572299,0.195836,-0.268351,0.528137,0.100999,-0.318240,0.572299,0.195836,-0.268351,723.9000,723.9000,723.9000,723.9000,723.9000,723.9000,723.9000,723.9000,723.9000,723.9000,723.9000,723.9000
9180,0,0.0000,189.3900,0.0000,0.000000,0.000000,0.000000,189.3900,0.0000,648.13,0.528137,0.100999,-0.318240,0.572299,0.195836,-0.268351,0.528137,0.100999,-0.318240,0.572299,0.195836,-0.268351,723.9000,723.9000,723.9000,723.9000,723.9000,723.9000,723.9000,723.9000,723.9000,723.9000,723.9000,723.9000
9210,0,0.0000,189.3900,0.0000,0.000000,0.000000,0.000000,189.3900,0.0000,648.13,0.528137,0.100999,-0.318240,0.572299,0.195836,-0.268351,0.528137,0.100999,-0.318240,0.572299,0.195836,-0.268351,723.9000,723.9000,723.9000,723.9000,723.9000,723.9000,723.9000,723.9000,723.9000,723.9000,723.9000,723.9000
9240,0,0.0000,189.3900,0.0000,0.000000,0.000000,0.000000,189.3900,0.0000,648.13,0.528137,0.100999,-0.318240,0.572299,0.195836,-0.268351,0.528137,0.100999,-0.318240,0.572299,0.195836,-0.268351,723.9000,723.9000,723.9000,723.9000,723.9000,723.9000,723.9000,723.9000,723.9000,723.9000,723.9000,723.9000
9270,0,0.0000,189.3900,0.0000,0.000000,0.000000,0.000000,189.3900,0.0000,648.13,0.528137,0.100999,-0.318240,0.572299,0.195836,-0.268351,0.528137,0.100999,-0.318240,0.572299,0.195836,-0.268351,723.9000,723.9000,723.9000,723.9000,723.9000,723.9000,723.9000,723.9000,723.9000,723.9000,723.9000,723.9000
9300,0,0.0000,189.3900,0.0000,0.000000,0.000000,0.000000,189.3900,0.0000,648.13,0.528137,0.100999,-0.318240,0.572299,0.195836,-0.268351,0.528137,0.100999,-0.318240,0.572299,0.195836,-0.268351,723.9000,723.9000,723.9000,723.9000,723.9000,723.9000,723.9000,723.9000,723.9000,723.9000,723.9000,723.9000
9330,0,0.0000,189.3900,0.0000,0.000000,0.000000,0.000000,189.3900,0.0000,648.13,0.528137,0.100999,-0.318240,0.572299,0.195836,-0.268351,0.528137,0.100999,-0.318240,0.572299,0.195836,-0.268351,723.9000,723.9000,723.9000,723.9000,723.9000,723.9000,723.9000,723.9000,723.9000,723.9000,723.9000,723.9000
9360,0,0.0000,189.3900,0.0000,0.000000,0.000000,0.000000,189.3900,0.0000,648.13,0.528137,0.100999,-0.318240,0.572299,0.195836,-0.268351,0.528137,0.100999,-0.318240,0.572299,0.195836,-0.268351,723.9000,723.9000,723.9000,723.9000,723.9000,723.9000,723.9000,723.9000,723.9000,723.9000,723.9000,723.9000
9390,0,0.0000,189.3900,0.0000,0.000000,0.000000,0.000000,189.3900,0.0000,648.13,0.528137,0.100999,-0.318240,0.572299,0.195836,-0.268351,0.528137,0.100999,-0.318240,0.572299,0.195836,-0.268351,723.9000,723.9000,723.9000,723.9000,723.9000,723.9000,723.9000,723.9000,723.9000,723.9000,723.9000,723.9000
9420,0,0.0000,189.3900,0.0000,0.000000,0.000000,0.000000,189.3900,0.0000,648.13,0.528137,0.100999,-0.318240,0.572299,0.195836,-0.268351,0.528137,0.100999,-0.318240,0.572299,0.195836,-0.268351,723.9000,723.9000,723.9000,723.9000,723.9000,723.9000,723.9000,723.9000,723.9000,723.9000,723.9000,723.9000
9450,0,0.0000,189.3900,0.0000,0.000000,0.000000,0.000000,189.3900,0.0000,648.13,0.528137,0.100999,-0.318240,0.572299,0.195836,-0.268351,0.528137,0.100999,-0.318240,0.572299,0.195836,-0.268351,723.9000,723.9000,723.9000,723.9000,723.9000,723.9000,723.9000,723.9000,723.9000,723.9000,723.9000,723.9000
9480,0,0.0000,189.3900,0.0000,0.000000,0.000000,0.000000,189.3900,0.0000,648.13,0.528137,0.100999,-0.318240,0.572299,0.195836,-0.268351,0.528137,0.100999,-0.318240,0.572299,0.195836,-0.268351,723.9000,723.9000,723.9000,723.9000,723.9000,723.9000,723.9000,723.9000,723.9000,723.9000,723.9000,723.9000
9510,0,0.0000,189.3900,0.0000,0.000000,0.000000,0.000000,189.3900,0.0000,648.13,0.528137,0.100999,-0.318240,0.572299,0.195836,-0.268351,0.528137,0.100999,-0.318240,0.572299,0.195836,-0.268351,723.9000,723.9000,723.9000,723.9000,723.9000,723.9000,723.9000,723.9000,723.9000,723.9000,723.9000,723.9000
9540,0,0.0000,189.3900,0.0000,0.000000,0.000000,0.000000,189.3900,0.0000,648.13,0.528137,0.100999,-0.318240,0.572299,0.195836,-0.268351,0.528137,0.100999,-0.318240,0.572299,0.195836,-0.268351,723.9000,723.9000,723.9000,723.9000,723.9000,723.9000,723.9000,723.9000,723.9000,723.9000,723.9000,723.9000
9570,0,0.0000,189.3900,0.0000,0.000000,0.000000,0.000000,189.3900,0.0000,648.13,0.528137,0.100999,-0.318240,0.572299,0.195836,-0.268351,0.528137,0.100999,-0.318240,0.572299,0.195836,-0.268351,723.9000,723.9000,723.9000,723.9000,723.9000,723.9000,723.9000,723.9000,723.9000,723.9000,723.9000,723.9000
9600,0,0.0000,189.3900,0.0000,0.000000,0.000000,0.000000,189.3900,0.0000,648.13,0.528137,0.100999,-0.318240,0.572299,0.195836,-0.268351,0.528137,0.100999,-0.318240,0.572299,0.195836,-0.268351,723.9000,723.9000,723.9000,723.9000,723.9000,723.9000,723.9000,723.9000,723.9000,723.9000,723.9000,723.9000
9630,0,0.0000,189.3900,0.0000,0.000000,0.000000,0.000000,189.3900,0.0000,648.13,0.528137,0.100999,-0.318240,0.572299,0.195836,-0.268351,0.528137,0.100999,-0.318240,0.572299,0.195836,-0.268351,723.9000,723.9000,723.9000,723.9000,723.9000,723.9000,723.9000,723.9000,723.9000,723.9000,723.9000,723.9000
9660,0,0.0000,189.3900,0.0000,0.000000,0.000000,0.000000,189.3900,0.0000,648.13,0.528137,0.100999,-0.318240,0.572299,0.195836,-0.268351,0.528137,0.100999,-0.318240,0.572299,0.195836,-0.268351,723.9000,723.9000,723.9000,723.9000,723.9000,723.9000,723.9000,723.9000,723.9000,723.9000,723.9000,723.9000
9690,0,0.0000,189.3900,0.0000,0.000000,0.000000,0.000000,189.3900,0.0000,648.13,0.528137,0.100999,-0.318240,0.572299,0.195836,-0.268351,0.528137,0.100999,-0.318240,0.572299,0.195836,-0.268351,723.9000,723.9000,723.9000,723.9000,723.9000,723.9000,723.9000,723.9000,723.9000,723.9000,723.9000,723.9000
9720,0,0.0000,189.3900,0.0000,0.000000,0.000000,0.000000,189.3900,0.0000,648.13,0.528137,0.100999,-0.318240,0.572299,0.195836,-0.268351,0.528137,0.100999,-0.318240,0.572299,0.195836,-0.268351,723.9000,723.9000,723.9000,723.9000,723.9000,723.9000,723.9000,723.9000,723.9000,723.9000,723.9000,723.9000
9750,0,0.0000,189.3900,0.0000,0.000000,0.000000,0.000000,189.3900,0.0000,648.13,0.528137,0.100999,-0.318240,0.572299,0.195836,-0.268351,0.528137,0.100999,-0.318240,0.572299,0.195836,-0.268351,723.9000,723.9000,723.9000,723.9000,723.9000,723.9000,723.9000,723.9000,723.9000,723.9000,723.9000,723.9000
9780,0,0.0000,189.3900,0.0000,0.000000,0.000000,0.000000,189.3900,0.0000,648.13,0.528137,0.100999,-0.318240,0.572299,0.195836,-0.268351,0.528137,0.100999,-0.318240,0.572299,0.195836,-0.268351,723.9000,723.9000,723.9000,723.9000,723.9000,723.9000,723.9000,723.9000,723.9000,723.9000,723.9000,723.9000
9810,0,0.0000,151.5120,0.0000,0.000000,0.000000,0.000000,151.5120,0.0000,648.13,0.407051,0.057167,-0.280026,0.442822,0.133376,-0.239899,0.407051,0.057167,-0.280026,0.442822,0.133376,-0.239899,723.9000,723.9000,723.9000,723.9000,723.9000,723.9000,723.9000,723.9000,723.9000,723.9000,723.9000,723.9000
9840,0,0.0000,83.3316,0.0000,0.000000,0.000000,0.000000,83.3316,0.0000,648.13,0.207116,0.007807,-0.178144,0.227459,0.050125,-0.156196,0.207116,0.007807,-0.178144,0.227459,0.050125,-0.156196,723.9000,723.9000,723.9000,723.9000,723.9000,723.9000,723.9000,723.9000,723.9000,723.9000,723.9000,723.9000
9870,0,0.0000,-3.7878,0.0000,0.000000,0.000000,0.000000,-3.7878,0.0000,648.13,-0.008284,0.001028,0.009357,-0.009253,-0.000906,0.008392,-0.008284,0.001028,0.009357,-0.009253,-0.000906,0.008392,723.9000,723.9000,723.9000,723.9000,723.9000,723.9000,723.9000,723.9000,723.9000,723.9000,723.9000,723.9000
9900,0,0.0000,-45.4536,0.0000,0.000000,0.000000,0.000000,-45.4536,0.0000,648.13,-0.092170,0.020221,0.118686,-0.104007,-0.002951,0.107355,-0.092170,0.020221,0.118686,-0.104007,-0.002951,0.107355,723.9000,723.9000,723.9000,723.9000,723.9000,723.9000,723.9000,723.9000,723.9000,723.9000,723.9000,723.9000
9930,0,0.0000,-96.5889,0.0000,0.000000,0.000000,0.000000,-96.5889,0.0000,648.13,-0.175704,0.063366,0.267452,-0.201211,0.014399,0.244042,-0.175704,0.063366,0.267452,-0.201211,0.014399,0.244042,723.9000,723.9000,723.9000,723.9000,723.9000,723.9000,723.9000,723.9000,723.9000,723.9000,723.9000,723.9000
9960,0,0.0000,-166.6632,0.0000,0.000000,0.000000,0.000000,-166.6632,0.0000,648.13,-0.252830,0.156968,0.493799,-0.296906,0.073306,0.454673,-0.252830,0.156968,0.493799,-0.296906,0.073306,0.454673,723.9000,723.9001,723.9000,723.9000,723.9000,723.9000,723.9000,723.9000,723.9000,723.9000,723.9000,723.9000
9990,0,0.0000,-189.3900,0.0000,0.000000,0.000000,0.000000,-189.3900,0.0000,648.13,-0.268351,0.195836,0.572299,-0.318240,0.100999,0.528137,-0.268351,0.195836,0.572299,-0.318240,0.100999,0.528137,723.9000,723.9000,723.9000,723.9000,723.9000,723.9000,723.9000,723.9000,723.9000,723.9000,723.9000,723.9000
10020,0,0.0000,-189.3900,0.0000,0.000000,0.000000,0.000000,-189.3900,0.0000,648.13,-0.268351,0.195836,0.572299,-0.318240,0.100999,0.528137,-0.268351,0.195836,0.572299,-0.318240,0.100999,0.528137,723.9000,723.9000,723.9000,723.9000,723.9000,723.9000,723.9000,723.9000,723.9000,723.9000,723.9000,723.9000
10050,0,0.0000,-189.3900,0.0000,0.000000,0.000000,0.000000,-189.3900,0.0000,648.13,-0.268351,0.195836,0.572299,-0.318240,0.100999,0.528137,-0.268351,0.195836,0.572299,-0.318240,0.100999,0.528137,723.9000,723.9000,723.9000,723.9000,723.9000,723.9000,723.9000,723.9000,723.9000,723.9000,723.9000,723.9000
10080,0,0.0000,-189.3900,0.0000,0.000000,0.000000,0.000000,-189.3900,0.0000,648.13,-0.268351,0.195836,0.572299,-0.318240,0.100999,0.528137,-0.268351,0.195836,0.572299,-0.318240,0.100999,0.528137,723.9000,723.9000,723.9000,723.9000,723.9000,723.9000,723.9000,723.9000,723.9000,723.9000,723.9000,723.9000
10110,0,0.0000,-134.4669,0.0000,0.000000,0.000000,0.000000,-134.4669,0.0000,648.13,-0.222873,0.109045,0.386790,-0.258504,0.041245,0.354808,-0.222873,0.109045,0.386790,-0.258504,0.041245,0.354808,723.9000,723.9000,723.9000,723.9000,723.9000,723.9000,723.9000,723.9000,723.9000,723.9000,723.9000,723.9000
10140,0,0.0000,-70.0743,0.0000,0.000000,0.000000,0.000000,-70.0743,0.0000,648.13,-0.135166,0.038319,0.188439,-0.153561,0.002678,0.171207,-0.135166,0.038319,0.188439,-0.153561,0.002678,0.171207,723.9001,723.9000,723.9000,723.9000,723.9000,723.9000,723.9000,723.9000,723.9000,723.9000,723.9000,723.9000
10170,0,0.0000,-26.5146,0.0000,0.000000,0.000000,0.000000,-26.5146,0.0000,648.13,-0.055722,0.009707,0.067572,-0.062576,-0.003826,0.060894,-0.055722,0.009707,0.067572,-0.062576,-0.003826,0.060894,723.9000,723.9000,723.9000,723.9001,723.9000,723.9000,723.9000,723.9000,723.9000,723.9000,723.9000,723.9000
10200,0,0.0000,22.7268,0.0000,0.000000,0.000000,0.000000,22.7268,0.0000,648.13,0.051892,-0.003640,-0.053956,0.057628,0.007961,-0.048091,0.051892,-0.003640,-0.053956,0.057628,0.007961,-0.048091,723.9000,723.9000,723.9000,723.9000,723.9000,723.9000,723.9000,723.9000,723.9000,723.9000,723.9000,723.9000
10230,0,0.0000,47.3475,0.0000,0.000000,0.000000,0.000000,47.3475,0.0000,648.13,0.112131,-0.002698,-0.107995,0.123922,0.021435,-0.095656,0.112131,-0.002698,-0.107995,0.123922,0.021435,-0.095656,723.9000,723.9000,723.9000,723.9000,723.9000,723.9000,723.9000,723.9000,723.9000,723.9000,723.9000,723.9000
10260,0,0.0000,49.2414,0.0000,0.000000,0.000000,0.000000,49.2414,0.0000,648.13,0.116930,-0.002415,-0.111954,0.129179,0.022680,-0.099112,0.116930,-0.002415,-0.111954,0.129179,0.022680,-0.099112,723.9000,723.9000,723.9000,723.9000,723.9000,723.9000,723.9000,723.9000,723.9000,723.9000,723.9000,723.9000
10290,0,0.0000,79.5438,0.0000,0.000000,0.000000,0.000000,79.5438,0.0000,648.13,0.196751,0.006192,-0.171274,0.216209,0.046606,-0.150341,0.196751,0.006192,-0.171274,0.216209,0.046606,-0.150341,723.9000,723.9000,723.9000,723.9000,723.9000,723.9000,723.9000,723.9000,723.9000,723.9000,723.9000,723.9000
10320,0,0.0000,115.5279,0.0000,0.000000,0.000000,0.000000,115.5279,0.0000,648.13,0.298479,0.026344,-0.231473,0.326206,0.084756,-0.200889,0.298479,0.026344,-0.231473,0.326206,0.084756,-0.200889,723.9000,723.9000,723.9000,723.9000,723.9000,723.9000,723.9000,723.9000,723.9000,723.9000,723.9000,723.9000
10350,0,0.0000,115.5279,0.0000,0.000000,0.000000,0.000000,115.5279,0.0000,648.13,0.298479,0.026344,-0.231473,0.326206,0.084756,-0.200889,0.298479,0.026344,-0.231473,0.326206,0.084756,-0.200889,723.9000,723.9000,723.9000,723.9000,723.9000,723.9000,723.9000,723.9000,723.9000,723.9000,723.9000,723.9000
10380,0,0.0000,115.5279,0.0000,0.000000,0.000000,0.000000,115.5279,0.0000,648.13,0.298479,0.026344,-0.231473,0.326206,0.084756,-0.200889,0.298479,0.026344,-0.231473,0.326206,0.084756,-0.200889,723.9000,723.9000,723.9000,723.9000,723.9000,723.9000,723.9000,723.9000,723.9000,723.9000,723.9000,723.9000
10410,0,0.0000,115.5279,0.0000,0.000000,0.000000,0.000000,115.5279,0.0000,648.13,0.298479,0.026344,-0.231473,0.326206,0.084756,-0.200889,0.298479,0.026344,-0.231473,0.326206,0.084756,-0.200889,723.9000,723.9000,723.9000,723.9000,723.9000,723.9000,723.9000,723.9000,723.9000,723.9000,723.9000,723.9000
10440,0,0.0000,115.5279,0.0000,0.000000,0.000000,0.000000,115.5279,0.0000,648.13,0.298479,0.026344,-0.231473,0.326206,0.084756,-0.200889,0.298479,0.026344,-0.231473,0.326206,0.084756,-0.200889,723.9000,723.9000,723.9000,723.9000,723.9000,723.9000,723.9000,723.9000,723.9000,723.9000,723.9000,723.9000
10470,0,0.0000,115.5279,0.0000,0.000000,0.000000,0.000000,115.5279,0.0000,648.13,0.298479,0.026344,-0.231473,0.326206,0.084756,-0.200889,0.298479,0.026344,-0.231473,0.326206,0.084756,-0.200889,723.9000,723.9000,723.9000,723.9000,723.9000,723.9000,723.9000,723.9000,723.9000,723.9000,723.9000,723.9000
10500,0,0.0000,115.5279,0.0000,0.000000,0.000000,0.000000,115.5279,0.0000,648.13,0.298479,0.026344,-0.231473,0.326206,0.084756,-0.200889,0.298479,0.026344,-0.231473,0.326206,0.084756,-0.200889,723.9000,723.9000,723.9000,723.9000,723.9000,723.9000,723.9000,723.9000,723.9000,723.9000,723.9000,723.9000
10530,0,0.0000,115.5279,0.0000,0.000000,0.000000,0.000000,115.5279,0.0000,648.13,0.298479,0.026344,-0.231473,0.326206,0.084756,-0.200889,0.298479,0.026344,-0.231473,0.326206,0.084756,-0.200889,723.9000,723.9000,723.9000,723.9000,723.9000,723.9000,723.9000,723.9000,723.9000,723.9000,723.9000,723.9000
10560,0,0.0000,115.5279,0.0000,0.000000,0.000000,0.000000,115.5279,0.0000,648.13,0.298479,0.026344,-0.231473,0.326206,0.084756,-0.200889,0.298479,0.026344,-0.231473,0.326206,0.084756,-0.200889,723.9000,723.9000,723.9000,723.9000,723.9000,723.9000,723.9000,723.9000,723.9000,723.9000,723.9000,723.9000
10590,0,0.0000,115.5279,0.0000,0.000000,0.000000,0.000000,115.5279,0.0000,648.13,0.298479,0.026344,-0.231473,0.326206,0.084756,-0.200889,0.298479,0.026344,-0.231473,0.326206,0.084756,-0.200889,723.9000,723.9000,723.9000,723.9000,723.9000,723.9000,723.9000,723.9000,723.9000,723.9000,723.9000,723.9000
10620,0,0.0000,115.5279,0.0000,0.000000,0.000000,0.000000,115.5279,0.0000,648.13,0.298479,0.026344,-0.231473,0.326206,0.084756,-0.200889,0.298479,0.026344,-0.231473,0.326206,0.084756,-0.200889,723.9000,723.9000,723.9000,723.9000,723.9000,723.9000,723.9000,723.9000,723.9000,723.9000,723.9000,723.9000
10650,0,0.0000,115.5279,0.0000,0.000000,0.000000,0.000000,115.5279,0.0000,648.13,0.298479,0.026344,-0.231473,0.326206,0.084756,-0.200889,0.298479,0.026344,-0.231473,0.326206,0.084756,-0.200889,723.9000,723.9000,723.9000,723.9000,723.9000,723.9000,723.9000,723.9000,723.9000,723.9000,723.9000,723.9000
10680,0,0.0000,115.5279,0.0000,0.000000,0.000000,0.000000,115.5279,0.0000,648.13,0.298479,0.026344,-0.231473,0.326206,0.084756,-0.200889,0.298479,0.026344,-0.231473,0.326206,0.084756,-0.200889,723.9000,723.9000,723.9000,723.9000,723.9000,723.9000,723.9000,723.9000,723.9000,723.9000,723.9000,723.9000
10710,0,0.0000,115.5279,0.0000,0.000000,0.000000,0.000000,115.5279,0.0000,648.13,0.298479,0.026344,-0.231473,0.326206,0.084756,-0.200889,0.298479,0.026344,-0.231473,0.326206,0.084756,-0.200889,723.9000,723.9000,723.9000,723.9000,723.9000,723.9000,723.9000,723.9000,723.9000,723.9000,723.9000,723.9000
10740,0,0.0000,115.5279,0.0000,0.000000,0.000000,0.000000,115.5279,0.0000,648.13,0.298479,0.026344,-0.231473,0.326206,0.084756,-0.200889,0.298479,0.026344,-0.231473,0.326206,0.084756,-0.200889,723.9000,723.9000,723.9000,723.9000,723.9000,723.9000,723.9000,723.9000,723.9000,723.9000,723.9000,723.9000
10770,0,0.0000,115.5279,0.0000,0.000000,0.000000,0.000000,115.5279,0.0000,648.13,0.298479,0.026344,-0.231473,0.326206,0.084756,-0.200889,0.298479,0.026344,-0.231473,0.326206,0.084756,-0.200889,723.9000,723.9000,723.9000,723.9000,723.9000,723.9000,723.9000,723.9000,723.9000,723.9000,723.9000,723.9000
10800,0,0.0000,115.5279,0.0000,0.000000,0.000000,0.000000,115.5279,0.0000,648.13,0.298479,0.026344,-0.231473,0.326206,0.084756,-0.200889,0.298479,0.026344,-0.231473,0.326206,0.084756,-0.200889,723.9000,723.9000,723.9000,723.9000,723.9000,723.9000,723.9000,723.9000,723.9000,723.9000,723.9000,723.9000
10830,0,0.0000,115.5279,0.0000,0.000000,0.000000,0.000000,115.5279,0.0000,648.13,0.298479,0.026344,-0.231473,0.326206,0.084756,-0.200889,0.298479,0.026344,-0.231473,0.326206,0.084756,-0.200889,723.9000,723.9000,723.9000,723.9000,723.9000,723.9000,723.9000,723.9000,723.9000,723.9000,723.9000,723.9000
